0,0,0,0,0
0.033,0,0,0,0
0.066,0,0,0,0
0.099,0,0,0,0
0.132,0,0,0,0
0.165,0,0,0,0
0.198,0,0,0,0
0.231,0,0,0,0
0.264,0,0,0,0
0.297,0,0,0,0
0.33,0,0,0,0
0.363,0,0,0,0
0.396,0,0,0,0
0.429,0,0,0,0
0.462,0,0,0,0
0.495,0,0,0,0
0.528,0,0,0,0
0.561,0,0,0,0
0.594,0,0,0,0
0.627,0,0,0,0
0.66,0,0,0,0
0.693,0,0,0,0
0.726,0,0,0,0
0.759,0,0,0,0
0.792,0,0,0,0
0.825,0,0,0,0
0.858,0,0,0,0
0.891,0,0,0,0
0.924,0,0,0,0
0.957,0,0,0,0
0.99,0,0,0,0
1.023,0,0,0,0
1.056,0,0,0,0
1.089,0,0,0,0
1.122,0,0,0,0
1.155,0,0,0,0
1.188,0,0,0,0
1.221,0,0,0,0
1.254,0,0,0,0
1.287,0,0,0,0
1.32,0,0,0,0
1.353,0,0,0,0
1.386,0,0,0,0
1.419,0,0,0,0
1.452,0,0,0,0
1.485,0,0,0,0
1.518,0,0,0,0
1.551,0,0,0,0
1.584,0,0,0,0
1.617,0,0,0,0
1.65,0,0,0,0
1.683,0,0,0,0
1.716,0,0,0,0
1.749,0,0,0,0
1.782,0,0,0,0
1.815,0,0,0,0
1.848,0,0,0,0
1.881,0,0,0,0
1.914,0,0,0,0
1.947,0,0,0,0
1.98,0,0,0,0
2.013,0,0,0,0
2.046,0,0,0,0
2.079,0,0,0,0
2.112,0,0,0,0
2.145,0,0,0,0
2.178,0,0,0,0
2.211,0,0,0,0
2.244,0,0,0,0
2.277,0,0,0,0
2.31,0,0,0,0
2.343,0,0,0,0
2.376,0,0,0,0
2.409,0,0,0,0
2.442,0,0,0,0
2.475,0,0,0,0
2.508,0,0,0,0
2.541,0,0,0,0
2.574,0,0,0,0
2.607,0,0,0,0
2.64,0,0,0,0
2.673,0,0,0,0
2.706,0,0,0,0
2.739,0,0,0,0
2.772,0,0,0,0
2.805,0,0,0,0
2.838,0,0,0,0
2.871,0,0,0,0
2.904,0,0,0,0
2.937,0,0,0,0
2.97,0,0,0,0
3.003,0,0,0,0
3.036,0,0,0,0
3.069,0,0,0,0
3.102,0,0,0,0
3.135,0,0,0,0
3.168,0,0,0,0
3.201,0,0,0,0
3.234,0,0,0,0
3.267,0,0,0,0
3.3,0,0,0,0
3.333,0,0,0,0
3.366,0,0,0,0
3.399,0,0,0,0
3.432,0,0,0,0
3.465,0,0,0,0
3.498,0,0,0,0
3.531,0,0,0,0
3.564,0,0,0,0
3.597,0,0,0,0
3.63,0,0,0,0
3.663,0,0,0,0
3.696,0,0,0,0
3.729,0,0,0,0
3.762,0,0,0,0
3.795,0,0,0,0
3.828,0,0,0,0
3.861,0,0,0,0
3.894,0,0,0,0
3.927,0,0,0,0
3.96,0,0,0,0
3.993,0,0,0,0
4.026,0,0,0,0
4.059,0,0,0,0
4.092,0,0,0,0
4.125,0,0,0,0
4.158,0,0,0,0
4.191,0,0,0,0
4.224,0,0,0,0
4.257,0,0,0,0
4.29,0,0,0,0
4.323,0,0,0,0
4.356,0,0,0,0
4.389,0,0,0,0
4.422,0,0,0,0
4.455,0,0,0,0
4.488,0,0,0,0
4.521,0,0,0,0
4.554,0,0,0,0
4.587,0,0,0,0
4.62,0,0,0,0
4.653,0,0,0,0
4.686,0,0,0,0
4.719,0,0,0,0
4.752,0,0,0,0
4.785,0,0,0,0
4.818,0,0,0,0
4.851,0,0,0,0
4.884,0,0,0,0
4.917,0,0,0,0
4.95,0,0,0,0
4.983,0,0,0,0
5.016,0,0,0,0
5.049,0,0,0,0
5.082,0,0,0,0
5.115,0,0,0,0
5.148,0,0,0,0
5.181,0,0,0,0
5.214,0,0,0,0
5.247,0,0,0,0
5.28,0,0,0,0
5.313,0,0,0,0
5.346,0,0,0,0
5.379,0,0,0,0
5.412,0,0,0,0
5.445,0,0,0,0
5.478,0,0,0,0
5.511,0,0,0,0
5.544,0,0,0,0
5.577,0,0,0,0
5.61,0,0,0,0
5.643,0,0,0,0
5.676,0,0,0,0
5.709,0,0,0,0
5.742,0,0,0,0
5.775,0,0,0,0
5.808,0,0,0,0
5.841,0,0,0,0
5.874,0,0,0,0
5.907,0,0,0,0
5.94,0,0,0,0
5.973,0,0,0,0
6.006,0,0,0,0
6.039,0,0,0,0
6.072,0,0,0,0
6.105,0,0,0,0
6.138,0,0,0,0
6.171,0,0,0,0
6.204,0,0,0,0
6.237,0,0,0,0
6.27,0,0,0,0
6.303,0,0,0,0
6.336,0,0,0,0
6.369,0,0,0,0
6.402,0,0,0,0
6.435,0,0,0,0
6.468,0,0,0,0
6.501,0,0,0,0
6.534,0,0,0,0
6.567,0,0,0,0
6.6,0,0,0,0
6.633,0,0,0,0
6.666,0,0,0,0
6.699,0,0,0,0
6.732,0,0,0,0
6.765,0,0,0,0
6.798,0,0,0,0
6.831,0,0,0,0
6.864,0,0,0,0
6.897,0,0,-0,-1.07827e-038
6.93,0,0,-0,-1.07827e-038
6.963,0,0,-0,-1.07827e-038
6.996,0,0,-0,-1.07827e-038
7.029,0,0,-0,-1.07827e-038
7.062,0,0,-0,-1.07827e-038
7.095,0,0,-0,-1.07827e-038
7.128,0,0,-0,-1.07827e-038
7.161,0,0,-0,-1.07827e-038
7.194,0,0,-0,-1.07827e-038
7.227,0,0,-0,-1.07827e-038
7.26,0,0,-0,-1.07827e-038
7.293,0,0,-0,-1.07827e-038
7.326,0,0,-0,-1.07827e-038
7.359,0,0,-0,-1.07827e-038
7.392,0,0,-0,-1.07827e-038
7.425,0,0,-0,-1.07827e-038
7.458,0,0,-0,-1.07827e-038
7.491,0,0,-0,-1.07827e-038
7.524,0,0,-0,-1.07827e-038
7.557,0,0,-0,-1.07827e-038
7.59,0,0,-0,-1.07827e-038
7.623,0,0,-0,-1.07827e-038
7.656,0,0,-0,-1.07827e-038
7.689,0,0,-0,-1.07827e-038
7.722,0,0,-0,-1.07827e-038
7.755,0,0,-0,-1.07827e-038
7.788,0,0,-0,-1.07827e-038
7.821,0,0,-0,-1.07827e-038
7.854,0,0,-0,-1.07827e-038
7.887,0,0,-0,-1.07827e-038
7.92,0,0,-0,-1.07827e-038
7.953,0,0,-0,-1.07827e-038
7.986,0,0,-0,-1.07827e-038
8.019,0,0,-0,-1.07827e-038
8.052,0,0,-0,-1.07827e-038
8.085,0,0,-0,-1.07827e-038
8.118,0,0,-0,-1.07827e-038
8.151,0,0,-0,-1.07827e-038
8.184,0,0,-0,-1.07827e-038
8.217,0,0,-0,-1.07827e-038
8.25,0,0,-0,-1.07827e-038
8.283,0,0,-0,-1.07827e-038
8.316,0,0,-0,-1.07827e-038
8.349,0,0,-0,-1.07827e-038
8.382,0,0,-0,-1.07827e-038
8.415,0,0,-0,-1.07827e-038
8.448,0,0,-0,-1.07827e-038
8.481,0,0,-0,-1.07827e-038
8.514,0,0,-0,-1.07827e-038
8.547,0,0,-0,-1.07827e-038
8.58,0,0,-0,-1.07827e-038
8.613,0,0,-0,-1.07827e-038
8.646,0,0,-0,-1.07827e-038
8.679,0,0,-0,-1.07827e-038
8.712,0,0,-0,-1.07827e-038
8.745,0,0,-0,-1.07827e-038
8.778,0,0,-0,-1.07827e-038
8.811,0,0,-0,-1.07827e-038
8.844,0,0,-0,-1.07827e-038
8.877,0,0,-0,-1.07827e-038
8.91,0,0,-0,-1.07827e-038
8.943,0,0,-0,-1.07827e-038
8.976,0,0,-0,-1.07827e-038
9.009,0,0,-0,-1.07827e-038
9.042,0,0,-0,-1.07827e-038
9.075,0,0,-0,-1.07827e-038
9.108,0,0,-0,-1.07827e-038
9.141,0,0,-0,-1.07827e-038
9.174,0,0,-0,-1.07827e-038
9.207,0,0,-0,-1.07827e-038
9.24,0,0,-0,-1.07827e-038
9.273,0,0,-0,-1.07827e-038
9.306,0,0,-0,-1.07827e-038
9.339,0,0,-0,-1.07827e-038
9.372,0,0,-0,-1.07827e-038
9.405,0,0,-0,-1.07827e-038
9.438,0,0,-0,-1.07827e-038
9.471,0,0,-0,-1.07827e-038
9.504,0,0,-0,-1.07827e-038
9.537,0,0,-0,-1.07827e-038
9.57,0,0,-0,-1.07827e-038
9.603,0,0,-0,-1.07827e-038
9.636,0,0,-0,-1.07827e-038
9.669,0,0,-0,-1.07827e-038
9.702,0,0,-0,-1.07827e-038
9.735,0,0,-0,-1.07827e-038
9.768,0,0,-0,-1.07827e-038
9.801,0,0,-0,-1.07827e-038
9.834,0,0,-0,-1.07827e-038
9.867,0,0,-0,-1.07827e-038
9.9,0,0,-0,-1.07827e-038
9.933,0,0,-0,-1.07827e-038
9.966,0,0,-0,-1.07827e-038
9.999,0,0,-0,-1.07827e-038
10.032,0,0,-0,-1.07827e-038
10.065,0,0,-0,-1.07827e-038
10.098,0,0,-0,-1.07827e-038
10.131,0,0,-0,-1.07827e-038
10.164,0,0,-0,-1.07827e-038
10.197,0,0,-0,-1.07827e-038
10.23,0,0,-0,-1.07827e-038
10.263,0,0,-0,-1.07827e-038
10.296,0,0,-0,-1.07827e-038
10.329,0,0,-0,-1.07827e-038
10.362,0,0,-0,-1.07827e-038
10.395,0,0,-0,-1.07827e-038
10.428,0,0,-0,-1.07827e-038
10.461,0,0,-0,-1.07827e-038
10.494,0,0,-0,-1.07827e-038
10.527,0,0,-0,-1.07827e-038
10.56,0,0,-0,-1.07827e-038
10.593,0,0,-0,-1.07827e-038
10.626,0,0,-0,-1.07827e-038
10.659,0,0,-0,-1.07827e-038
10.692,0,0,-0,-1.07827e-038
10.725,0,0,-0,-1.07827e-038
10.758,0,0,-0,-1.07827e-038
10.791,0,0,-1.86113,0.563209
10.824,0,0,-1.85545,0.604327
10.857,0,0,-1.80774,0.556803
10.89,0,0,-1.80705,0.557014
10.923,0,0,-1.80385,0.560369
10.956,0,0,-1.80173,0.562885
10.989,0,0,-1.79711,0.561612
11.022,0,0,-1.78411,0.547346
11.055,0,0,-1.77936,0.542142
11.088,0,0,-1.77297,0.530428
11.121,0,0,-1.76949,0.525012
11.154,0,0,-1.76294,0.512891
11.187,0,0,-1.75999,0.508215
11.22,0,0,-1.75983,0.508003
11.253,0,0,-1.75519,0.500968
11.286,0,0,-1.75511,0.501014
11.319,0,0,-1.75462,0.501195
11.352,0,0,-1.75381,0.500633
11.385,0,0,-1.75062,0.499007
11.418,0,0,-1.74952,0.498627
11.451,0,0,-1.74588,0.495711
11.484,0,0,-1.73814,0.487906
11.517,0,0,-1.73591,0.485496
11.55,0,0,-1.73322,0.483195
11.583,0,0,-1.73212,0.482675
11.616,0,0,-1.73033,0.482066
11.649,0,0,-1.72937,0.481637
11.682,0,0,-1.72851,0.481508
11.715,0,0,-1.72697,0.481532
11.748,0,0,-1.72657,0.481797
11.781,0,0,-1.72576,0.481987
11.814,0,0,-1.72534,0.482299
11.847,0,0,-1.72506,0.482443
11.88,0,0,-1.72472,0.482623
11.913,0,0,-1.72455,0.482747
11.946,0,0,-1.72442,0.482959
11.979,0,0,-1.72444,0.483033
12.012,0,0,-1.72448,0.483404
12.045,0,0,-1.72448,0.483503
12.078,0,0,-1.7246,0.483888
12.111,0,0,-1.72461,0.484314
12.144,0,0,-1.72461,0.484416
12.177,0,0,-1.72455,0.484727
12.21,0,0,-1.72451,0.484962
12.243,0,0,-1.72455,0.485056
12.276,0,0,-1.72526,0.484978
12.309,0,0,-1.72753,0.484457
12.342,0,0,-1.73584,0.482305
12.375,0,0,-1.74139,0.482033
12.408,0,0,-1.75873,0.493113
12.441,0,0,-1.76741,0.505768
12.474,0,0,-1.77785,0.519823
12.507,0,0,-1.79554,0.543519
12.54,0,0,-1.80024,0.554714
12.573,0,0,-1.80481,0.570253
12.606,0,0,-1.80627,0.573565
12.639,0,0,-1.81531,0.572628
12.672,0,0,-1.82497,0.569791
12.705,0,0,-1.83238,0.574967
12.738,0,0,-1.84597,0.587086
12.771,0,0,-1.84948,0.594137
12.804,0,0,-1.84881,0.597274
12.837,0,0,-1.84881,0.597274
12.87,0,0,-1.84987,0.598428
12.903,0,0,-1.86108,0.595785
12.936,0,0,-1.8667,0.596287
12.969,0,0,-1.87341,0.599036
13.002,0,0,-1.88082,0.601461
13.035,0,0,-1.88683,0.60052
13.068,0,0,-1.88877,0.598951
13.101,0,0,-1.8903,0.597336
13.134,0,0,-1.88985,0.593357
13.167,0,0,-1.88838,0.591676
13.2,0,0,-1.88397,0.587762
13.233,0,0,-1.88032,0.585875
13.266,0,0,-1.87551,0.583715
13.299,0,0,-1.87484,0.580948
13.332,0,0,-1.87404,0.578433
13.365,0,0,-1.87276,0.573589
13.398,0,0,-1.87098,0.572584
13.431,0,0,-1.86699,0.569914
13.464,0,0,-1.86645,0.568733
13.497,0,0,-1.86557,0.566949
13.53,0,0,-1.86432,0.561503
13.563,0,0,-1.86349,0.559059
13.596,0,0,-1.86226,0.555634
13.629,0,0,-1.86184,0.55423
13.662,0,0,-1.86041,0.552154
13.695,0,0,-1.85986,0.551395
13.728,0,0,-1.85957,0.551197
13.761,0,0,-1.85929,0.550685
13.794,0,0,-1.85912,0.550464
13.827,0,0,-1.85896,0.550273
13.86,0,0,-1.85826,0.550599
13.893,0,0,-1.85726,0.550905
13.926,0,0,-1.85671,0.550981
13.959,0,0,-1.85562,0.551142
13.992,0,0,-1.854,0.551727
14.025,0,0,-1.85336,0.551764
14.058,0,0,-1.85237,0.55243
14.091,0,0,-1.85196,0.552755
14.124,0,0,-1.85132,0.553211
14.157,0,0,-1.84881,0.554564
14.19,0,0,-1.84858,0.554892
14.223,0,0,-1.84717,0.557256
14.256,0,0,-1.8467,0.558164
14.289,0,0,-1.84543,0.560973
14.322,0,0,-1.84471,0.562682
14.355,0,0,-1.84452,0.564327
14.388,0,0,-1.8437,0.566504
14.421,0,0,-1.84321,0.567408
14.454,0,0,-1.8411,0.569466
14.487,0,0,-1.83899,0.57083
14.52,0,0,-1.83591,0.573647
14.553,0,0,-1.83136,0.578331
14.586,0,0,-1.82902,0.581932
14.619,0,0,-1.8258,0.586395
14.652,0,0,-1.82517,0.588971
14.685,0,0,-1.82707,0.593617
14.718,6,0,-1.82772,0.595122
14.751,6,0,-1.82654,0.595946
14.784,6,0,-1.82684,0.597692
14.817,6,0,-1.82699,0.598157
14.85,6,0,-1.82813,0.598662
14.883,6,0,-1.83183,0.599101
14.916,6,0,-1.83634,0.598109
14.949,6,0,-1.83741,0.597155
14.982,6,0,-1.84149,0.59525
15.015,6,0,-1.84807,0.591449
15.048,6,0,-1.84863,0.590014
15.081,6,0,-1.85247,0.585201
15.114,6,0,-1.85283,0.584005
15.147,6,0,-1.85387,0.582785
15.18,6,0,-1.85494,0.581107
15.213,6,0,-1.85655,0.580089
15.246,6,0,-1.85771,0.578759
15.279,6,0,-1.85794,0.577876
15.312,6,0,-1.85797,0.576911
15.345,6,0,-1.85825,0.575965
15.378,6,0,-1.85806,0.575353
15.411,6,0,-1.85814,0.5744
15.444,6,0,-1.85816,0.574032
15.477,6,0,-1.85782,0.573506
15.51,6,0,-1.85764,0.573278
15.543,6,0,-1.85743,0.573103
15.576,6,0,-1.85697,0.572647
15.609,6,0,-1.85653,0.572445
15.642,6,0,-1.85528,0.572023
15.675,6,0,-1.85399,0.572408
15.708,6,0,-1.85237,0.572237
15.741,6,0,-1.85166,0.572229
15.774,6,0,-1.85092,0.572404
15.807,6,0,-1.85009,0.572361
15.84,6,0,-1.84977,0.572281
15.873,6,0,-1.84874,0.571977
15.906,6,0,-1.84821,0.57186
15.939,6,0,-1.8476,0.57123
15.972,6,0,-1.84729,0.570985
16.005,6,0,-1.84723,0.570864
16.038,6,0,-1.84697,0.570642
16.071,6,0,-1.84676,0.570434
16.104,6,0,-1.84648,0.570125
16.137,6,0,-1.84643,0.57011
16.17,6,0,-1.84591,0.570076
16.203,6,0,-1.84592,0.570121
16.236,6,0,-1.84592,0.570101
16.269,6,0,-1.84622,0.570243
16.302,6,0,-1.84648,0.570651
16.335,6,0,-1.84666,0.570947
16.368,6,0,-1.84702,0.571402
16.401,6,0,-1.84712,0.571833
16.434,6,0,-1.84713,0.572009
16.467,6,0,-1.84708,0.572144
16.5,6,0,-1.84745,0.572078
16.533,6,0,-1.84779,0.572066
16.566,6,0,-1.84856,0.572139
16.599,6,0,-1.84863,0.572121
16.632,6,0,-1.84864,0.572116
16.665,6,0,-1.84874,0.572043
16.698,6,0,-1.84881,0.571899
16.731,6,0,-1.84887,0.571548
16.764,6,0,-1.84878,0.571459
16.797,6,0,-1.84905,0.571058
16.83,6,0,-1.84914,0.570778
16.863,6,0,-1.8493,0.570465
16.896,6,0,-1.84925,0.57017
16.929,6,0,-1.84911,0.570027
16.962,6,0,-1.84893,0.569762
16.995,6,0,-1.84889,0.569442
17.028,6,0,-1.84868,0.569247
17.061,6,0,-1.84881,0.568425
17.094,6,0,-1.84869,0.56836
17.127,6,0,-1.84815,0.568149
17.16,6,0,-1.84792,0.567947
17.193,6,0,-1.84788,0.567007
17.226,6,0,-1.8475,0.567019
17.259,6,0,-1.84724,0.566912
17.292,6,0,-1.84719,0.566251
17.325,6,0,-1.84759,0.565598
17.358,6,0,-1.8475,0.565681
17.391,6,0,-1.84794,0.565659
17.424,6,0,-1.84792,0.56569
17.457,6,0,-1.8484,0.565827
17.49,6,0,-1.8484,0.565827
17.523,6,0,-1.84901,0.565993
17.556,6,0,-1.84902,0.566113
17.589,6,0,-1.84921,0.566492
17.622,6,0,-1.84946,0.566931
17.655,6,0,-1.84958,0.567394
17.688,6,0,-1.84991,0.568202
17.721,6,0,-1.84993,0.568325
17.754,6,0,-1.85024,0.568865
17.787,6,0,-1.85044,0.569149
17.82,6,0,-1.85058,0.569454
17.853,6,0,-1.85061,0.569541
17.886,6,0,-1.85095,0.569995
17.919,6,0,-1.85099,0.570225
17.952,6,0,-1.85109,0.570343
17.985,6,0,-1.85121,0.570412
18.018,6,0,-1.85137,0.570647
18.051,6,0,-1.85155,0.570876
18.084,6,0,-1.85152,0.571338
18.117,6,0,-1.85149,0.571603
18.15,6,0,-1.85163,0.571995
18.183,6,0,-1.85161,0.572118
18.216,6,0,-1.85184,0.572269
18.249,6,0,-1.85198,0.5724
18.282,6,0,-1.85206,0.572415
18.315,6,0,-1.85209,0.572429
18.348,6,0,-1.85211,0.57241
18.381,6,0,-1.85224,0.572398
18.414,6,0,-1.85235,0.57235
18.447,6,0,-1.8526,0.572394
18.48,6,0,-1.85281,0.572404
18.513,6,0,-1.85289,0.572341
18.546,6,0,-1.85326,0.572194
18.579,6,0,-1.85364,0.572067
18.612,6,0,-1.85413,0.571973
18.645,6,0,-1.85483,0.572079
18.678,6,0,-1.85506,0.572186
18.711,6,0,-1.85536,0.572146
18.744,6,0,-1.85584,0.57224
18.777,6,0,-1.85654,0.572133
18.81,6,0,-1.85659,0.572139
18.843,6,0,-1.85815,0.572856
18.876,6,0,-1.85835,0.573159
18.909,6,0,-1.85943,0.574184
18.942,6,0,-1.86048,0.57588
18.975,6,0,-1.86048,0.576903
19.008,6,0,-1.86083,0.581504
19.041,6,0,-1.86087,0.583439
19.074,6,0,-1.86139,0.586391
19.107,6,0,-1.86138,0.5916
19.14,6,0,-1.86079,0.593221
19.173,6,0,-1.85868,0.599762
19.206,6,0,-1.85821,0.605912
19.239,6,0,-1.85951,0.614679
19.272,6,0,-1.85984,0.616988
19.305,6,0,-1.86017,0.621161
19.338,6,0,-1.86001,0.625483
19.371,6,0,-1.86015,0.626496
19.404,6,0,-1.86045,0.628409
19.437,6,0,-1.86062,0.629621
19.47,6,0,-1.85386,0.627004
19.503,6,0,-1.85072,0.624214
19.536,6,0,-1.85113,0.620873
19.569,6,0,-1.84786,0.609234
19.602,6,0,-1.84659,0.604928
19.635,6,0,-1.84739,0.590508
19.668,6,0,-1.84459,0.586908
19.701,6,0,-1.84675,0.582213
19.734,6,0,-1.84371,0.577307
19.767,6,0,-1.84123,0.574694
19.8,6,0,-1.84249,0.569289
19.833,6,0,-1.84336,0.566618
19.866,6,0,-1.84443,0.563591
19.899,6,0,-1.84443,0.563591
19.932,6,0,-1.84397,0.560122
19.965,6,0,-1.846,0.558432
19.998,6,0,-1.8462,0.558024
20.031,6,0,-1.84639,0.556976
20.064,6,0,-1.84618,0.555987
20.097,6,0,-1.84303,0.553615
20.13,6,0,-1.83685,0.553252
20.163,6,0,-1.83035,0.551178
20.196,6,0,-1.80526,0.559085
20.229,6,0,-1.80219,0.558897
20.262,6,0,-1.79168,0.561165
20.295,6,0,-1.78747,0.560076
20.328,6,0,-1.7812,0.556992
20.361,6,0,-1.76807,0.554553
20.394,6,0,-1.7646,0.552902
20.427,6,0,-1.75883,0.551679
20.46,6,0,-1.75717,0.550602
20.493,6,0,-1.75467,0.54831
20.526,6,0,-1.75345,0.5475
20.559,6,0,-1.75327,0.54672
20.592,6,0,-1.75092,0.545347
20.625,6,0,-1.75039,0.544955
20.658,6,0,-1.74874,0.543889
20.691,6,0,-1.74818,0.543279
20.724,6,0,-1.74759,0.542506
20.757,6,0,-1.74633,0.540671
20.79,6,0,-1.74575,0.539631
20.823,6,0,-1.74408,0.533308
20.856,6,0,-1.74045,0.53292
20.889,6,0,-1.73741,0.524418
20.922,6,0,-1.73701,0.523224
20.955,6,0,-1.73594,0.523006
20.988,6,0,-1.72709,0.541614
21.021,6,0,-1.72433,0.544508
21.054,6,0,-1.72199,0.547
21.087,6,0,-1.72022,0.548016
21.12,6,0,-1.71731,0.548794
21.153,6,0,-1.71554,0.549315
21.186,6,0,-1.71497,0.549118
21.219,6,0,-1.71288,0.549477
21.252,6,0,-1.71218,0.549419
21.285,6,0,-1.71048,0.549161
21.318,6,0,-1.70962,0.549038
21.351,6,0,-1.70887,0.548865
21.384,6,0,-1.7068,0.549764
21.417,6,0,-1.70634,0.549767
21.45,6,0,-1.70475,0.550682
21.483,6,0,-1.70364,0.551498
21.516,6,0,-1.70163,0.552028
21.549,6,0,-1.69932,0.552884
21.582,6,0,-1.6969,0.55408
21.615,6,0,-1.69367,0.554493
21.648,6,0,-1.69223,0.554143
21.681,6,0,-1.69005,0.554516
21.714,6,0,-1.68983,0.554134
21.747,6,0,-1.6887,0.552535
21.78,6,0,-1.68809,0.551906
21.813,6,0,-1.68748,0.551213
21.846,6,0,-1.68664,0.550544
21.879,6,0,-1.68613,0.54984
21.912,6,0,-1.686,0.547136
21.945,6,0,-1.68617,0.545777
21.978,6,0,-1.6859,0.545489
22.011,6,0,-1.68585,0.543324
22.044,6,0,-1.68606,0.541447
22.077,6,0,-1.68664,0.538503
22.11,6,0,-1.68675,0.537648
22.143,6,0,-1.68722,0.535755
22.176,6,0,-1.68727,0.534806
22.209,6,0,-1.68821,0.532496
22.242,6,0,-1.68832,0.532409
22.275,6,0,-1.68843,0.532017
22.308,6,0,-1.68836,0.531915
22.341,6,0,-1.68836,0.531915
22.374,6,0,-1.68836,0.531831
22.407,6,0,-1.68859,0.532059
22.44,6,0,-1.68862,0.532191
22.473,6,0,-1.68898,0.53263
22.506,6,0,-1.6893,0.533007
22.539,6,0,-1.69315,0.532142
22.572,6,0,-1.69521,0.531448
22.605,6,0,-1.6951,0.532858
22.638,6,0,-1.69543,0.535037
22.671,6,0,-1.69312,0.538109
22.704,6,0,-1.69229,0.539909
22.737,6,0,-1.69144,0.542812
22.77,6,0,-1.68999,0.549847
22.803,6,0,-1.68995,0.55389
22.836,6,0,-1.69072,0.55847
22.869,6,0,-1.69609,0.566673
22.902,6,0,-1.7006,0.571435
22.935,6,0,-1.71382,0.574832
22.968,6,0,-1.72453,0.57578
23.001,6,0,-1.73556,0.579568
23.034,6,0,-1.7676,0.578305
23.067,6,0,-1.79133,0.571281
23.1,6,0,-1.83815,0.575063
23.133,6,0,-1.85157,0.581346
23.166,6,0,-1.91367,0.581538
23.199,6,0,-1.94914,0.579061
23.232,6,0,-1.96307,0.590547
23.265,6,0,-2.01139,0.594716
23.298,6,0,-2.02215,0.590726
23.331,6,0,-2.05732,0.580077
23.364,6,0,-2.06447,0.578947
23.397,6,0,-2.07522,0.581058
23.43,6,0,-2.10422,0.588274
23.463,6,0,-2.11196,0.587585
23.496,6,0,-2.12679,0.59506
23.529,6,0,-2.14412,0.581674
23.562,6,0,-2.16417,0.570946
23.595,6,0,-2.16774,0.572365
23.628,6,0,-2.16906,0.570298
23.661,6,0,-2.18619,0.562832
23.694,6,0,-2.18679,0.562638
23.727,6,0,-2.18418,0.546192
23.76,6,0,-2.20435,0.534321
23.793,6,0,-2.21275,0.53016
23.826,6,0,-2.21969,0.525282
23.859,6,0,-2.22494,0.521382
23.892,6,0,-2.25067,0.505147
23.925,6,0,-2.25226,0.504497
23.958,6,0,-2.25653,0.501812
23.991,6,0,-2.26052,0.499661
24.024,6,0,-2.26374,0.497679
24.057,6,0,-2.26985,0.494563
24.09,6,0,-2.2707,0.494076
24.123,6,0,-2.27234,0.493005
24.156,6,0,-2.27127,0.491818
24.189,6,0,-2.26577,0.492255
24.222,6,0,-2.26209,0.492917
24.255,6,0,-2.25903,0.493997
24.288,6,0,-2.25496,0.493491
24.321,6,0,-2.24409,0.49998
24.354,6,0,-2.23371,0.502961
24.387,6,0,-2.23135,0.501161
24.42,6,0,-2.22294,0.502783
24.453,6,0,-2.22053,0.502864
24.486,6,0,-2.21804,0.503098
24.519,6,0,-2.21527,0.501752
24.552,6,0,-2.21414,0.500901
24.585,6,0,-2.21034,0.498357
24.618,6,0,-2.20907,0.497918
24.651,6,0,-2.20801,0.496697
24.684,6,0,-2.2075,0.495877
24.717,6,0,-2.20725,0.493796
24.75,6,0,-2.20848,0.491051
24.783,6,0,-2.20848,0.491051
24.816,6,0,-2.21822,0.482944
24.849,6,0,-2.21822,0.482944
24.882,6,0,-2.22246,0.480841
24.915,6,0,-2.2267,0.477511
24.948,6,0,-2.22926,0.476356
24.981,6,0,-2.23331,0.474686
25.014,6,0,-2.23616,0.472643
25.047,6,0,-2.23707,0.471832
25.08,6,0,-2.23813,0.470555
25.113,6,0,-2.23931,0.469397
25.146,6,0,-2.24236,0.467923
25.179,6,0,-2.24358,0.468031
25.212,6,0,-2.24367,0.468743
25.245,6,0,-2.24379,0.46887
25.278,6,0,-2.24414,0.469231
25.311,6,0,-2.24589,0.470641
25.344,6,0,-2.24714,0.471127
25.377,6,0,-2.24747,0.471743
25.41,6,0,-2.2479,0.472109
25.443,6,0,-2.24875,0.472811
25.476,6,0,-2.24918,0.474017
25.509,6,0,-2.24942,0.474596
25.542,6,0,-2.24994,0.476778
25.575,6,0,-2.25029,0.477698
25.608,6,0,-2.25057,0.479142
25.641,6,0,-2.25081,0.479574
25.674,6,0,-2.25067,0.479708
25.707,6,0,-2.25106,0.479804
25.74,6,0,-2.25109,0.479819
25.773,6,0,-2.25146,0.478423
25.806,6,0,-2.25134,0.475858
25.839,6,0,-2.24965,0.472369
25.872,6,0,-2.24976,0.470128
25.905,6,0,-2.24834,0.468466
25.938,6,0,-2.2358,0.458198
25.971,6,0,-2.23572,0.457836
26.004,6,0,-2.23126,0.451172
26.037,6,0,-2.23058,0.448687
26.07,6,0,-2.2293,0.447184
26.103,6,0,-2.22616,0.446665
26.136,6,0,-2.22473,0.445937
26.169,6,0,-2.22305,0.446506
26.202,6,0,-2.22267,0.446556
26.235,6,0,-2.22206,0.44691
26.268,6,0,-2.22079,0.447051
26.301,6,0,-2.2198,0.448813
26.334,6,0,-2.22086,0.451268
26.367,6,0,-2.2207,0.451896
26.4,6,0,-2.22065,0.453228
26.433,6,0,-2.21993,0.454165
26.466,6,0,-2.21969,0.454229
26.499,6,0,-2.21936,0.454184
26.532,6,0,-2.21905,0.454257
26.565,6,0,-2.21976,0.453188
26.598,6,0,-2.22,0.454319
26.631,6,0,-2.22088,0.453434
26.664,6,0,-2.22108,0.454841
26.697,6,0,-2.22044,0.450709
26.73,6,0,-2.22054,0.449283
26.763,6,0,-2.22075,0.449825
26.796,6,0,-2.22064,0.45316
26.829,6,0,-2.22149,0.452745
26.862,6,0,-2.2224,0.452116
26.895,6,0,-2.22451,0.45055
26.928,6,0,-2.22467,0.450515
26.961,6,0,-2.22545,0.448417
26.994,6,0,-2.22672,0.447475
27.027,6,0,-2.22819,0.446068
27.06,6,0,-2.22819,0.446068
27.093,6,0,-2.22789,0.445974
27.126,6,0,-2.22619,0.445579
27.159,6,0,-2.22542,0.445621
27.192,6,0,-2.22519,0.445326
27.225,6,0,-2.22355,0.443881
27.258,6,0,-2.22368,0.434096
27.291,6,0,-2.22523,0.42976
27.324,6,0,-2.24376,0.432242
27.357,6,0,-2.24372,0.430537
27.39,6,0,-2.24357,0.429702
27.423,6,0,-2.23337,0.431135
27.456,6,0,-2.23404,0.432684
27.489,6,0,-2.22865,0.433287
27.522,6,0,-2.23075,0.434547
27.555,6,0,-2.22792,0.434204
27.588,6,0,-2.22558,0.433975
27.621,6,0,-2.22522,0.43358
27.654,6,0,-2.22369,0.432056
27.687,6,0,-2.22293,0.43133
27.72,6,0,-2.22233,0.430733
27.753,6,0,-2.22207,0.430157
27.786,6,0,-2.22194,0.429782
27.819,6,0,-2.22074,0.429343
27.852,6,0,-2.2206,0.429014
27.885,6,0,-2.21995,0.429555
27.918,6,0,-2.21692,0.432122
27.951,6,0,-2.2143,0.436958
27.984,6,0,-2.20825,0.443734
28.017,6,0,-2.20897,0.441992
28.05,6,0,-2.21028,0.4444
28.083,6,0,-2.20996,0.445014
28.116,6,0,-2.20816,0.449884
28.149,6,0,-2.20832,0.449736
28.182,6,0,-2.20855,0.449554
28.215,6,0,-2.21152,0.445804
28.248,6,0,-2.2113,0.446468
28.281,6,0,-2.21171,0.446827
28.314,6,0,-2.21198,0.446934
28.347,6,0,-2.21103,0.452511
28.38,6,0,-2.21221,0.451885
28.413,6,0,-2.21325,0.449066
28.446,6,0,-2.21369,0.448161
28.479,6,0,-2.21445,0.446811
28.512,6,0,-2.21524,0.445491
28.545,6,0,-2.21591,0.444052
28.578,6,0,-2.2163,0.443537
28.611,6,0,-2.21664,0.443208
28.644,6,0,-2.21679,0.443059
28.677,6,0,-2.218,0.442179
28.71,6,0,-2.2178,0.441849
28.743,6,0,-2.21862,0.440564
28.776,6,0,-2.21915,0.43976
28.809,6,0,-2.21996,0.438636
28.842,6,0,-2.22654,0.425282
28.875,6,0,-2.20681,0.46005
28.908,6,0,-2.21994,0.433804
28.941,6,0,-2.22282,0.431248
28.974,6,0,-2.20829,0.451618
29.007,6,0,-2.20787,0.451113
29.04,6,0,-2.2173,0.440296
29.073,6,0,-2.22199,0.430126
29.106,6,0,-2.22129,0.429618
29.139,6,0,-2.22056,0.424995
29.172,6,0,-2.22054,0.421594
29.205,6,0,-2.22374,0.414697
29.238,6,0,-2.2243,0.410246
29.271,6,0,-2.22425,0.410086
29.304,6,0,-2.224,0.410225
29.337,6,0,-2.22367,0.410532
29.37,6,0,-2.22267,0.411977
29.403,6,0,-2.21616,0.419482
29.436,6,0,-2.21501,0.421763
29.469,6,0,-2.21431,0.424039
29.502,6,0,-2.21903,0.42913
29.535,6,0,-2.22355,0.435088
29.568,6,0,-2.2239,0.436019
29.601,6,0,-2.2239,0.436019
29.634,6,0,-2.2245,0.440299
29.667,6,0,-2.2245,0.440299
29.7,6,0,-2.22232,0.442543
29.733,6,0,-2.22202,0.442425
29.766,6,0,-2.21877,0.444386
29.799,6,0,-2.21848,0.446408
29.832,6,0,-2.21806,0.446443
29.865,6,0,-2.2182,0.447681
29.898,6,0,-2.21867,0.448112
29.931,6,0,-2.21592,0.44889
29.964,6,0,-2.21547,0.448817
29.997,6,0,-2.21578,0.448694
30.03,6,0,-2.21575,0.446834
30.063,6,0,-2.21574,0.445983
30.096,6,0,-2.21433,0.445859
30.129,6,0,-2.21602,0.446919
30.162,6,0,-2.2153,0.447373
30.195,6,0,-2.21426,0.447003
30.228,6,0,-2.21351,0.446635
30.261,6,0,-2.22351,0.44582
30.294,6,0,-2.22107,0.446144
30.327,6,0,-2.21983,0.445929
30.36,6,0,-2.22003,0.446248
30.393,6,0,-2.2205,0.445995
30.426,6,0,-2.22156,0.443262
30.459,6,0,-2.223,0.44405
30.492,6,0,-2.22714,0.436055
30.525,6,0,-2.24018,0.398383
30.558,6,0,-2.26724,0.430278
30.591,6,0,-2.25874,0.431503
30.624,6,0,-2.25596,0.43121
30.657,6,0,-2.25488,0.408126
30.69,6,0,-2.25505,0.407796
30.723,6,0,-2.25347,0.427693
30.756,6,0,-2.25215,0.43285
30.789,6,0,-2.25867,0.419078
30.822,6,0,-2.25523,0.424108
30.855,6,0,-2.25394,0.427499
30.888,6,0,-2.25913,0.429114
30.921,6,0,-2.26003,0.430262
30.954,6,0,-2.2589,0.421474
30.987,6,0,-2.2585,0.41955
31.02,6,0,-2.25788,0.427173
31.053,6,0,-2.2556,0.421148
31.086,6,0,-2.25707,0.420252
31.119,6,0,-2.25882,0.419295
31.152,6,0,-2.25865,0.418575
31.185,6,0,-2.24598,0.437761
31.218,6,0,-2.2483,0.426892
31.251,6,0,-2.24993,0.424451
31.284,6,0,-2.24843,0.446057
31.317,6,0,-2.20346,0.483218
31.35,6,0,-2.23703,0.462236
31.383,6,0,-2.24065,0.464243
31.416,6,0,-2.25697,0.453393
31.449,6,0,-2.25951,0.449916
31.482,6,0,-2.25906,0.452914
31.515,6,0,-2.27444,0.441834
31.548,6,0,-2.28428,0.438248
31.581,6,0,-2.29819,0.431647
31.614,6,0,-2.30767,0.430444
31.647,6,0,-2.32629,0.421412
31.68,6,0,-2.3466,0.417817
31.713,6,0,-2.37161,0.421395
31.746,6,0,-2.39772,0.419748
31.779,6,0,-2.40289,0.418403
31.812,6,0,-2.41758,0.414492
31.845,6,0,-2.43946,0.394592
31.878,6,0,-2.43956,0.394138
31.911,6,0,-2.45672,0.366665
31.944,6,0,-2.46865,0.32701
31.977,6,0,-2.47313,0.321777
32.01,6,0,-2.49996,0.266097
32.043,6,0,-2.52788,0.23957
32.076,6,0,-2.53085,0.236058
32.109,6,0,-2.53085,0.236058
32.142,6,0,-2.54124,0.212046
32.175,6,0,-2.54869,0.202686
32.208,6,0,-2.56661,0.182674
32.241,6,0,-2.56295,0.17324
32.274,6,0,-2.55732,0.16776
32.307,6,0,-2.50223,0.0863796
32.34,6,0,-2.53551,0.00810838
32.373,6,0,-2.53541,-0.00563638
32.406,6,0,-2.55569,-0.018616
32.439,6,0,-2.57276,-0.0524937
32.472,6,0,-2.57179,-0.0550687
32.505,6,0,-2.57007,-0.0532605
32.538,6,0,-2.56934,-0.0556191
32.571,6,0,-2.57759,-0.0833648
32.604,6,0,-2.59468,-0.123038
32.637,6,0,-2.59724,-0.124108
32.67,6,0,-2.59936,-0.126043
32.703,6,0,-2.60913,-0.149684
32.736,6,0,-2.61354,-0.167038
32.769,6,0,-2.62066,-0.178857
32.802,6,0,-2.62324,-0.183609
32.835,6,0,-2.62705,-0.193764
32.868,6,0,-2.62733,-0.199051
32.901,6,0,-2.62605,-0.209607
32.934,6,0,-2.62218,-0.218969
32.967,6,0,-2.62195,-0.21912
33,6,0,-2.61921,-0.221894
33.033,6,0,-2.61683,-0.222752
33.066,6,0,-2.61064,-0.21839
33.099,6,0,-2.60629,-0.21643
33.132,6,0,-2.59987,-0.213706
33.165,6,0,-2.59194,-0.213715
33.198,6,0,-2.58816,-0.215039
33.231,6,0,-2.59374,-0.170008
33.264,6,0,-2.59382,-0.169859
33.297,6,0,-2.59317,-0.169723
33.33,6,0,-2.59484,-0.177438
33.363,6,0,-2.58949,-0.174068
33.396,6,0,-2.59684,-0.117829
33.429,6,0,-2.59378,-0.120312
33.462,6,0,-2.58695,-0.133691
33.495,6,0,-2.58416,-0.141228
33.528,6,0,-2.58302,-0.145727
33.561,6,0,-2.57866,-0.153136
33.594,6,0,-2.57781,-0.157788
33.627,6,0,-2.5744,-0.168597
33.66,6,0,-2.57509,-0.172622
33.693,6,0,-2.58294,-0.193934
33.726,6,0,-2.58424,-0.195614
33.759,6,0,-2.5855,-0.19865
33.792,6,0,-2.58838,-0.206954
33.825,6,0,-2.58814,-0.208496
33.858,6,0,-2.58847,-0.209456
33.891,6,0,-2.57618,-0.191634
33.924,6,0,-2.55696,-0.133671
33.957,6,0,-2.55574,-0.137361
33.99,6,0,-2.55539,-0.138879
34.023,6,0,-2.55756,-0.15398
34.056,6,0,-2.5581,-0.156024
34.089,6,0,-2.55848,-0.158717
34.122,6,0,-2.55883,-0.159703
34.155,6,0,-2.55834,-0.163852
34.188,6,0,-2.55712,-0.171332
34.221,6,0,-2.55713,-0.172781
34.254,6,0,-2.55813,-0.176734
34.287,6,0,-2.56011,-0.176133
34.32,6,0,-2.56242,-0.183632
34.353,6,0,-2.56288,-0.187228
34.386,6,0,-2.56288,-0.187228
34.419,6,0,-2.56448,-0.192024
34.452,6,0,-2.56448,-0.192024
34.485,6,0,-2.56497,-0.193249
34.518,6,0,-2.56541,-0.193353
34.551,6,0,-2.56559,-0.19331
34.584,6,0,-2.56551,-0.192
34.617,6,0,-2.56526,-0.191835
34.65,6,0,-2.56532,-0.191489
34.683,6,0,-2.56516,-0.191506
34.716,6,0,-2.56346,-0.191371
34.749,6,0,-2.56282,-0.191388
34.782,6,0,-2.5626,-0.19138
34.815,6,0,-2.56179,-0.188889
34.848,6,0,-2.5613,-0.18714
34.881,6,0,-2.55889,-0.186892
34.914,6,0,-2.55817,-0.186231
34.947,6,0,-2.55771,-0.185754
34.98,6,0,-2.55761,-0.184133
35.013,6,0,-2.55738,-0.183837
35.046,6,0,-2.55769,-0.183209
35.079,6,0,-2.55923,-0.181551
35.112,6,0,-2.56109,-0.18002
35.145,6,0,-2.56206,-0.179156
35.178,6,0,-2.56517,-0.177945
35.211,6,0,-2.575,-0.173882
35.244,6,0,-2.16525,-0.615226
35.277,6,0,-2.16396,-0.613073
35.31,6,0,-2.16338,-0.613005
35.343,6,0,-2.60546,-0.20506
35.376,6,0,-2.60844,-0.215374
35.409,6,0,-2.61132,-0.222908
35.442,6,0,-2.62139,-0.250705
35.475,6,0,-2.6312,-0.27013
35.508,6,0,-2.647,-0.314444
35.541,6,0,-2.65662,-0.337693
35.574,6,0,-2.66433,-0.358557
35.607,6,0,-2.6762,-0.396757
35.64,6,0,-2.67963,-0.414699
35.673,6,0,-2.68527,-0.443295
35.706,6,0,-2.68633,-0.457513
35.739,6,0,-2.68673,-0.477135
35.772,6,0,-2.68465,-0.488052
35.805,6,0,-2.68173,-0.497786
35.838,6,0,-2.67311,-0.512739
35.871,6,0,-2.66591,-0.518935
35.904,6,0,-2.65127,-0.526083
35.937,6,0,-2.64447,-0.528635
35.97,6,0,-2.631,-0.534903
36.003,6,0,-2.62742,-0.53697
36.036,6,0,-2.62518,-0.537777
36.069,6,0,-2.61719,-0.540127
36.102,6,0,-2.61342,-0.540869
36.135,6,0,-2.60736,-0.541548
36.168,6,0,-2.60319,-0.543176
36.201,6,0,-2.59954,-0.544145
36.234,6,0,-2.59332,-0.547804
36.267,6,0,-2.59098,-0.549897
36.3,6,0,-2.58706,-0.554195
36.333,6,0,-2.58544,-0.556543
36.366,6,0,-2.58312,-0.561423
36.399,6,0,-2.58168,-0.563041
36.432,6,0,-2.58031,-0.564788
36.465,6,0,-2.57603,-0.569317
36.498,6,0,-2.57482,-0.570518
36.531,6,0,-2.57222,-0.573445
36.564,6,0,-2.57147,-0.57454
36.597,6,0,-2.56994,-0.575908
36.63,6,0,-2.56883,-0.576345
36.663,6,0,-2.56813,-0.577008
36.696,6,0,-2.56637,-0.57736
36.729,6,0,-2.56564,-0.577746
36.762,6,0,-2.56437,-0.578286
36.795,6,0,-2.56437,-0.578286
36.828,6,0,-2.56355,-0.579138
36.861,6,0,-2.56301,-0.580173
36.894,6,0,-2.56265,-0.581133
36.927,6,0,-2.56254,-0.581339
36.96,6,0,-2.56152,-0.581539
36.993,6,0,-2.55925,-0.579863
37.026,6,0,-2.55818,-0.57923
37.059,6,0,-2.5581,-0.579058
37.092,6,0,-2.55772,-0.578734
37.125,6,0,-2.5574,-0.578587
37.158,6,0,-2.5575,-0.577698
37.191,6,0,-2.55795,-0.577732
37.224,6,0,-2.55835,-0.57776
37.257,6,0,-2.55897,-0.578631
37.29,6,0,-2.55931,-0.579182
37.323,6,0,-2.55929,-0.57945
37.356,6,0,-2.55963,-0.578856
37.389,6,0,-2.55941,-0.578842
37.422,6,0,-2.55912,-0.579516
37.455,6,0,-2.55909,-0.579928
37.488,6,0,-2.5588,-0.579881
37.521,6,0,-2.55853,-0.579633
37.554,6,0,-2.55785,-0.579836
37.587,6,0,-2.55777,-0.579733
37.62,6,0,-2.55746,-0.579851
37.653,6,0,-2.55717,-0.579398
37.686,6,0,-2.55707,-0.579395
37.719,6,0,-2.55704,-0.579227
37.752,6,0,-2.55706,-0.579556
37.785,6,0,-2.5579,-0.578981
37.818,6,0,-2.55836,-0.578785
37.851,6,0,-2.55983,-0.577167
37.884,6,0,-2.56104,-0.576239
37.917,6,0,-2.56283,-0.575763
37.95,6,0,-2.56852,-0.574946
37.983,6,0,-2.57416,-0.574902
38.016,6,0,-2.58326,-0.576615
38.049,6,0,-2.58727,-0.57865
38.082,6,0,-2.59268,-0.583738
38.115,6,0,-2.59856,-0.593413
38.148,6,0,-2.60334,-0.602554
38.181,6,0,-2.60978,-0.625446
38.214,6,0,-2.61252,-0.6366
38.247,6,0,-2.61601,-0.649587
38.28,6,0,-2.62191,-0.679855
38.313,6,0,-2.62683,-0.692889
38.346,6,0,-2.63647,-0.728739
38.379,6,0,-2.64318,-0.751652
38.412,6,0,-2.65154,-0.782238
38.445,6,0,-2.64993,-0.788336
38.478,6,0,-2.65103,-0.798316
38.511,6,0,-2.65997,-0.819898
38.544,6,0,-2.6838,-0.882406
38.577,6,0,-2.68316,-0.888929
38.61,6,0,-2.68278,-0.889912
38.643,6,0,-2.68003,-0.903273
38.676,6,0,-2.68028,-0.906248
38.709,6,0,-2.6794,-0.909622
38.742,6,0,-2.67319,-0.922578
38.775,6,0,-2.66816,-0.92583
38.808,6,0,-2.65662,-0.930931
38.841,6,0,-2.6491,-0.933224
38.874,6,0,-2.64605,-0.932345
38.907,6,0,-2.6336,-0.930636
38.94,6,0,-2.6314,-0.93007
38.973,6,0,-2.62568,-0.932148
39.006,6,0,-2.62321,-0.933152
39.039,6,0,-2.61998,-0.935903
39.072,6,0,-2.61818,-0.937646
39.105,6,0,-2.61717,-0.939507
39.138,6,0,-2.61566,-0.94194
39.171,6,0,-2.61522,-0.943955
39.204,6,0,-2.6149,-0.945796
39.237,6,0,-2.61447,-0.94672
39.27,6,0,-2.61427,-0.947314
39.303,6,0,-2.613,-0.951208
39.336,6,0,-2.6121,-0.953044
39.369,6,0,-2.61134,-0.955934
39.402,6,0,-2.60951,-0.958793
39.435,6,0,-2.60896,-0.959916
39.468,6,0,-2.60848,-0.960634
39.501,6,0,-2.60757,-0.961901
39.534,6,0,-2.60563,-0.963191
39.567,6,0,-2.60431,-0.964021
39.6,6,0,-2.60004,-0.967518
39.633,6,0,-2.5995,-0.970785
39.666,6,0,-2.5966,-0.971123
39.699,6,0,-2.59726,-0.966332
39.732,6,0,-2.59586,-0.967249
39.765,6,0,-2.58191,-0.942246
39.798,6,0,-2.5804,-0.940292
39.831,6,0,-2.5806,-0.942878
39.864,6,0,-2.57992,-0.943942
39.897,6,0,-2.57918,-0.94474
39.93,6,0,-2.57702,-0.946502
39.963,6,0,-2.57582,-0.947221
39.996,6,0,-2.57427,-0.94834
40.029,6,0,-2.57383,-0.949028
40.062,6,0,-2.57159,-0.950782
40.095,6,0,-2.57116,-0.952699
40.128,6,0,-2.57087,-0.953124
40.161,6,0,-2.56934,-0.954599
40.194,6,0,-2.56827,-0.955335
40.227,6,0,-2.56662,-0.956502
40.26,6,0,-2.56606,-0.957367
40.293,6,0,-2.56506,-0.958008
40.326,6,0,-2.5644,-0.958801
40.359,6,0,-2.56419,-0.959312
40.392,6,0,-2.5636,-0.960378
40.425,6,0,-2.5633,-0.960864
40.458,6,0,-2.56305,-0.96169
40.491,6,0,-2.56305,-0.961909
40.524,6,0,-2.56299,-0.962357
40.557,6,0,-2.56352,-0.964062
40.59,6,0,-2.56471,-0.964842
40.623,6,0,-2.56743,-0.96744
40.656,6,0,-2.56955,-0.968786
40.689,6,0,-2.57463,-0.973012
40.722,6,0,-2.57805,-0.975838
40.755,6,0,-2.57966,-0.978851
40.788,6,0,-2.58312,-0.988761
40.821,6,0,-2.58627,-0.999524
40.854,6,0,-2.58808,-1.02031
40.887,6,0,-2.58849,-1.02848
40.92,6,0,-2.59066,-1.04014
40.953,6,0,-2.59547,-1.07266
40.986,6,0,-2.59925,-1.08974
41.019,6,0,-2.60672,-1.13644
41.052,6,0,-2.61523,-1.18823
41.085,6,0,-2.61936,-1.21492
41.118,6,0,-2.61959,-1.22809
41.151,6,0,-2.62509,-1.26073
41.184,6,0,-2.62922,-1.28338
41.217,6,0,-2.63023,-1.29353
41.25,6,0,-2.62658,-1.31908
41.283,6,0,-2.62683,-1.3192
41.316,6,0,-2.62693,-1.3199
41.349,6,0,-2.61983,-1.33164
41.382,6,0,-2.61477,-1.33594
41.415,6,0,-2.60866,-1.33894
41.448,6,0,-2.60498,-1.33821
41.481,6,0,-2.58679,-1.32324
41.514,6,0,-2.58618,-1.32477
41.547,6,0,-2.58499,-1.32488
41.58,6,0,-2.57555,-1.31612
41.613,6,0,-2.5701,-1.30995
41.646,6,0,-2.57043,-1.31221
41.679,6,0,-2.56754,-1.30919
41.712,6,0,-2.56662,-1.30942
41.745,6,0,-2.56628,-1.31037
41.778,6,0,-2.56424,-1.31083
41.811,6,0,-2.56016,-1.31195
41.844,6,0,-2.56016,-1.31195
41.877,6,0,-2.55048,-1.30703
41.91,6,0,-2.54876,-1.30883
41.943,6,0,-2.55988,-1.24559
41.976,6,0,-2.55894,-1.24696
42.009,6,0,-2.55819,-1.24796
42.042,6,0,-2.55595,-1.25049
42.075,6,0,-2.55523,-1.25193
42.108,6,0,-2.55206,-1.25667
42.141,6,0,-2.55085,-1.25778
42.174,6,0,-2.54872,-1.26014
42.207,6,0,-2.5462,-1.26402
42.24,6,0,-2.54511,-1.26569
42.273,6,0,-2.5437,-1.26931
42.306,6,0,-2.54234,-1.27099
42.339,6,0,-2.54118,-1.2712
42.372,6,0,-2.54114,-1.27136
42.405,6,0,-2.54088,-1.27352
42.438,6,0,-2.54181,-1.27962
42.471,6,0,-2.54252,-1.28181
42.504,6,0,-2.54269,-1.28469
42.537,6,0,-2.54334,-1.28542
42.57,6,0,-2.54394,-1.28638
42.603,6,0,-2.54408,-1.28954
42.636,6,0,-2.54374,-1.29051
42.669,6,0,-2.54361,-1.2924
42.702,6,0,-2.54342,-1.29285
42.735,6,0,-2.54196,-1.29414
42.768,6,0,-2.54167,-1.2949
42.801,6,0,-2.54096,-1.2957
42.834,6,0,-2.53935,-1.29894
42.867,6,0,-2.53889,-1.29934
42.9,6,0,-2.53703,-1.30065
42.933,6,0,-2.53647,-1.30084
42.966,6,0,-2.53549,-1.30075
42.999,6,0,-2.53409,-1.30206
43.032,6,0,-2.5336,-1.30235
43.065,6,0,-2.53305,-1.30287
43.098,6,0,-2.53294,-1.3029
43.131,6,0,-2.53264,-1.30341
43.164,6,0,-2.53259,-1.30353
43.197,6,0,-2.5326,-1.30365
43.23,6,0,-2.53319,-1.30482
43.263,6,0,-2.53353,-1.3056
43.296,6,0,-2.53394,-1.30681
43.329,6,0,-2.53444,-1.30852
43.362,6,0,-2.53606,-1.31005
43.395,6,0,-2.53703,-1.31067
43.428,6,0,-2.53835,-1.31143
43.461,6,0,-2.54026,-1.31424
43.494,6,0,-2.5408,-1.31559
43.527,6,0,-2.54088,-1.31595
43.56,6,0,-2.54066,-1.31663
43.593,6,0,-2.54044,-1.317
43.626,6,0,-2.53911,-1.31862
43.659,6,0,-2.53855,-1.31871
43.692,6,0,-2.53281,-1.32021
43.725,6,0,-2.52874,-1.32152
43.758,6,0,-2.52634,-1.32193
43.791,6,0,-2.52623,-1.32196
43.824,6,0,-2.526,-1.32155
43.857,6,0,-2.52554,-1.32115
43.89,6,0,-2.5251,-1.32115
43.923,6,0,-2.52421,-1.32179
43.956,6,0,-2.52282,-1.32225
43.989,6,0,-2.51772,-1.32338
44.022,6,0,-2.51522,-1.3236
44.055,6,0,-2.51422,-1.3233
44.088,6,0,-2.5134,-1.3215
44.121,6,0,-2.51313,-1.32131
44.154,6,0,-2.51242,-1.32029
44.187,6,0,-2.51242,-1.32029
44.22,6,0,-2.51108,-1.32062
44.253,6,0,-2.50986,-1.32107
44.286,6,0,-2.50917,-1.32153
44.319,6,0,-2.50827,-1.32136
44.352,6,0,-2.50769,-1.32186
44.385,6,0,-2.50627,-1.32222
44.418,6,0,-2.5058,-1.32203
44.451,6,0,-2.50506,-1.32203
44.484,6,0,-2.50464,-1.32214
44.517,6,0,-2.50439,-1.32195
44.55,6,0,-2.50436,-1.32186
44.583,6,0,-2.50433,-1.32183
44.616,6,0,-2.50412,-1.32145
44.649,6,0,-2.50408,-1.32162
44.682,6,0,-2.50407,-1.32158
44.715,6,0,-2.50404,-1.3216
44.748,6,0,-2.50402,-1.32145
44.781,6,0,-2.50408,-1.32144
44.814,6,0,-2.50411,-1.32162
44.847,6,0,-2.50408,-1.32179
44.88,6,0,-2.50413,-1.32175
44.913,6,0,-2.50426,-1.32179
44.946,6,0,-2.50428,-1.32181
44.979,6,0,-2.50432,-1.32183
45.012,6,0,-2.50467,-1.32192
45.045,6,0,-2.50484,-1.32185
45.078,6,0,-2.50489,-1.32185
45.111,6,0,-2.50487,-1.32214
45.144,6,0,-2.50489,-1.32212
45.177,6,0,-2.50501,-1.32232
45.21,6,0,-2.50502,-1.32228
45.243,6,0,-2.50503,-1.32229
45.276,6,0,-2.50523,-1.32225
45.309,6,0,-2.50521,-1.32223
45.342,6,0,-2.5052,-1.32238
45.375,6,0,-2.50523,-1.32239
45.408,6,0,-2.50521,-1.32245
45.441,6,0,-2.50516,-1.32233
45.474,6,0,-2.50511,-1.32253
45.507,6,0,-2.50492,-1.32257
45.54,6,0,-2.50486,-1.32259
45.573,6,0,-2.5047,-1.32251
45.606,6,0,-2.50466,-1.32247
45.639,6,0,-2.50459,-1.32241
45.672,6,0,-2.50466,-1.32202
45.705,6,0,-2.50447,-1.32204
45.738,6,0,-2.50416,-1.32209
45.771,6,0,-2.50417,-1.32216
45.804,6,0,-2.50433,-1.32179
45.837,6,0,-2.50438,-1.32178
45.87,6,0,-2.50434,-1.32163
45.903,6,0,-2.50472,-1.3217
45.936,6,0,-2.50505,-1.32176
45.969,6,0,-2.50799,-1.32216
46.002,6,0,-2.50975,-1.32169
46.035,6,0,-2.51207,-1.32168
46.068,6,0,-2.51283,-1.32177
46.101,6,0,-2.51366,-1.32217
46.134,6,0,-2.51769,-1.32322
46.167,6,0,-2.51889,-1.32364
46.2,6,0,-2.52031,-1.32497
46.233,6,0,-2.52088,-1.32516
46.266,6,0,-2.52167,-1.32516
46.299,6,0,-2.52247,-1.32798
46.332,6,0,-2.52298,-1.32854
46.365,6,0,-2.52398,-1.33167
46.398,6,0,-2.52382,-1.33465
46.431,6,0,-2.52438,-1.33616
46.464,6,0,-2.52518,-1.3379
46.497,6,0,-2.52518,-1.3379
46.53,6,0,-2.52559,-1.34019
46.563,6,0,-2.52596,-1.34093
46.596,6,0,-2.52673,-1.34336
46.629,6,0,-2.52737,-1.34589
46.662,6,0,-2.52969,-1.35027
46.695,6,0,-2.52999,-1.35152
46.728,6,0,-2.53077,-1.35359
46.761,6,0,-2.53169,-1.357
46.794,6,0,-2.5328,-1.35918
46.827,6,0,-2.53491,-1.36407
46.86,6,0,-2.53595,-1.36625
46.893,6,0,-2.53637,-1.3678
46.926,6,0,-2.53834,-1.37144
46.959,6,0,-2.53868,-1.37198
46.992,6,0,-2.54019,-1.37423
47.025,6,0,-2.54046,-1.37552
47.058,6,0,-2.54083,-1.3787
47.091,6,0,-2.54069,-1.37952
47.124,6,0,-2.54074,-1.3803
47.157,6,0,-2.53987,-1.38212
47.19,6,0,-2.53899,-1.38403
47.223,6,0,-2.53679,-1.38775
47.256,6,0,-2.53551,-1.3902
