Cycle,Current Task,,Real x[m],Real y[m],Filterd x[m],Filtered y[m],Delivery pos x[m],Delivery pos y[m],Robot move start flag
0,0,1.06851,-1.22368,1.10147,-1.17544,0,0,0,
1,0,1.06298,-1.23129,1.09602,-1.18337,0,0,0,
2,0,1.05829,-1.24047,1.09063,-1.19138,0,0,0,
3,0,1.05204,-1.2508,1.08522,-1.19965,0,0,0,
4,0,1.04612,-1.26137,1.07971,-1.20825,0,0,0,
5,0,1.04122,-1.27081,1.07422,-1.21707,0,0,0,
6,0,1.03953,-1.27326,1.06906,-1.22545,0,0,0,
7,0,1.03838,-1.27506,1.06447,-1.23287,0,0,0,
8,0,1.03735,-1.27692,1.06042,-1.23944,0,0,0,
9,0,1.03561,-1.27874,1.05677,-1.24529,0,0,0,
10,0,1.03401,-1.28069,1.05342,-1.25054,0,0,0,
11,0,1.03408,-1.28081,1.05047,-1.25515,0,0,0,
12,0,1.03477,-1.27885,1.04802,-1.25891,0,0,0,
13,0,1.03728,-1.27114,1.04619,-1.26136,0,0,0,
14,0,1.0387,-1.26075,1.04494,-1.26206,0,0,0,
15,0,1.04222,-1.25178,1.04426,-1.26118,0,0,0,
16,0,1.0517,-1.2295,1.04467,-1.25805,0,0,0,
17,0,1.06081,-1.21277,1.04644,-1.25242,0,0,0,
18,0,1.0654,-1.20714,1.04898,-1.24595,0,0,0,
19,0,1.07064,-1.19531,1.05188,-1.23913,0,0,0,
20,0,1.07654,-1.18322,1.05519,-1.23153,0,0,0,
21,0,1.07977,-1.1773,1.05869,-1.22371,0,0,0,
22,0,1.08057,-1.17508,1.06196,-1.21647,0,0,0,
23,0,1.08066,-1.17491,1.06481,-1.21015,0,0,0,
24,0,1.08214,-1.17319,1.06734,-1.20465,0,0,0,
25,0,1.08228,-1.17309,1.0696,-1.19984,0,0,0,
26,0,1.07963,-1.17572,1.07133,-1.19597,0,0,0,
27,0,1.07945,-1.17597,1.07259,-1.1929,0,0,0,
28,0,1.06331,-1.18668,1.0724,-1.19113,0,0,0,
29,0,1.06151,-1.18786,1.07088,-1.19055,0,0,0,
30,0,1.0588,-1.19214,1.06925,-1.19046,0,0,0,
31,0,1.05723,-1.19511,1.06753,-1.19094,0,0,0,
32,0,1.05559,-1.19842,1.06584,-1.19183,0,0,0,
33,0,1.05166,-1.19811,1.06398,-1.19281,0,0,0,
34,0,1.04749,-1.19943,1.06178,-1.19372,0,0,0,
35,0,1.04235,-1.20073,1.05921,-1.19469,0,0,0,
36,0,1.04132,-1.20076,1.05656,-1.19561,0,0,0,
37,0,1.04049,-1.20021,1.05418,-1.19636,0,0,0,
38,0,1.04064,-1.19749,1.0521,-1.19674,0,0,0,
39,0,1.0394,-1.19743,1.05026,-1.19685,0,0,0,
40,0,1.03867,-1.1969,1.04855,-1.1969,0,0,0,
41,0,1.03755,-1.196,1.04696,-1.19683,0,0,0,
42,0,1.03684,-1.19474,1.04547,-1.1966,0,0,0,
43,0,1.03717,-1.19255,1.04418,-1.19615,0,0,0,
44,0,1.03624,-1.19201,1.04304,-1.19556,0,0,0,
45,0,1.03641,-1.19077,1.04202,-1.19493,0,0,0,
46,0,1.03606,-1.18899,1.04114,-1.19416,0,0,0,
47,0,1.03567,-1.18756,1.04033,-1.19326,0,0,0,
48,0,1.03548,-1.18596,1.03961,-1.19227,0,0,0,
49,0,1.03539,-1.18334,1.03897,-1.19111,0,0,0,
50,0,1.03555,-1.18026,1.03844,-1.18969,0,0,0,
51,0,1.03546,-1.17854,1.03799,-1.18812,0,0,0,
52,0,1.03516,-1.17806,1.03758,-1.18662,0,0,0,
53,0,1.0338,-1.17753,1.03711,-1.18528,0,0,0,
54,0,1.03415,-1.17499,1.03663,-1.1839,0,0,0,
55,0,1.03391,-1.17409,1.03623,-1.18248,0,0,0,
56,0,1.03385,-1.1734,1.03588,-1.18115,0,0,0,
57,0,1.03391,-1.17256,1.03557,-1.1799,0,0,0,
58,0,1.03358,-1.17231,1.03529,-1.17876,0,0,0,
59,0,1.03332,-1.17246,1.03501,-1.17779,0,0,0,
60,0,1.033,-1.17244,1.03473,-1.17698,0,0,0,
61,0,1.03227,-1.17352,1.03441,-1.17637,0,0,0,
62,0,1.03092,-1.17461,1.03398,-1.17602,0,0,0,
63,0,1.03017,-1.1758,1.03346,-1.17589,0,0,0,
64,0,1.02826,-1.17838,1.03281,-1.17607,0,0,0,
65,0,1.02731,-1.17987,1.03204,-1.17654,0,0,0,
66,0,1.02625,-1.18092,1.03124,-1.17713,0,0,0,
67,0,1.02574,-1.18147,1.03044,-1.17775,0,0,0,
68,0,1.02472,-1.18212,1.02965,-1.17836,0,0,0,
69,0,1.02413,-1.18258,1.02885,-1.17897,0,0,0,
70,0,1.02345,-1.18319,1.02808,-1.17957,0,0,0,
71,0,1.0233,-1.1836,1.02736,-1.18015,0,0,0,
72,0,1.02303,-1.18426,1.02672,-1.18073,0,0,0,
73,0,1.02299,-1.18468,1.02616,-1.1813,0,0,0,
74,0,1.02299,-1.18468,1.02568,-1.18181,0,0,0,
75,0,1.02288,-1.18489,1.02526,-1.18227,0,0,0,
76,0,1.02289,-1.18501,1.0249,-1.18268,0,0,0,
77,0,1.02281,-1.18551,1.02458,-1.18307,0,0,0,
78,0,1.02286,-1.18564,1.02432,-1.18345,0,0,0,
79,0,1.0229,-1.18578,1.0241,-1.1838,0,0,0,
80,0,1.02297,-1.18624,1.02392,-1.18413,0,0,0,
81,0,1.02316,-1.18641,1.02379,-1.18447,0,0,0,
82,0,1.02365,-1.18632,1.02373,-1.18476,0,0,0,
83,0,1.0246,-1.18606,1.02379,-1.18498,0,0,0,
84,0,1.02531,-1.18578,1.02397,-1.18512,0,0,0,
85,0,1.02631,-1.18536,1.02425,-1.18519,0,0,0,
86,0,1.02716,-1.18469,1.02463,-1.18516,0,0,0,
87,0,1.02752,-1.1843,1.02504,-1.18506,0,0,0,
88,0,1.02791,-1.18374,1.02545,-1.1849,0,0,0,
89,0,1.02884,-1.18307,1.0259,-1.18467,0,0,0,
90,0,1.03055,-1.18154,1.02648,-1.18431,0,0,0,
91,0,1.0309,-1.18105,1.02712,-1.18385,0,0,0,
92,0,1.03187,-1.18014,1.02777,-1.18336,0,0,0,
93,0,1.03248,-1.17937,1.02844,-1.18281,0,0,0,
94,0,1.03296,-1.17877,1.0291,-1.18224,0,0,0,
95,0,1.03347,-1.17823,1.02972,-1.18167,0,0,0,
96,0,1.03347,-1.17773,1.0303,-1.18111,0,0,0,
97,0,1.03339,-1.1776,1.03077,-1.18058,0,0,0,
98,0,1.03338,-1.17732,1.03117,-1.18011,0,0,0,
99,0,1.03355,-1.1772,1.03152,-1.17967,0,0,0,
100,0,1.03335,-1.17717,1.03182,-1.17929,0,0,0,
101,0,1.03318,-1.17721,1.03204,-1.17897,0,0,0,
102,0,1.03311,-1.17727,1.03221,-1.17871,0,0,0,
103,0,1.03292,-1.17758,1.03233,-1.17851,0,0,0,
104,0,1.03293,-1.17786,1.03242,-1.17839,0,0,0,
105,0,1.03301,-1.17808,1.0325,-1.17833,0,0,0,
106,0,1.03297,-1.17859,1.03258,-1.17833,0,0,0,
107,0,1.03286,-1.1792,1.03263,-1.17841,0,0,0,
108,0,1.03271,-1.17992,1.03265,-1.17859,0,0,0,
109,0,1.03251,-1.18068,1.03265,-1.17885,0,0,0,
110,0,1.03248,-1.18144,1.03262,-1.17919,0,0,0,
111,0,1.03231,-1.18184,1.03259,-1.17956,0,0,0,
112,0,1.03236,-1.18266,1.03255,-1.17997,0,0,0,
113,0,1.0323,-1.18326,1.03252,-1.18043,0,0,0,
114,0,1.03248,-1.18387,1.0325,-1.1809,0,0,0,
115,0,1.03254,-1.18404,1.0325,-1.18137,0,0,0,
116,0,1.03255,-1.18423,1.0325,-1.18179,0,0,0,
117,0,1.03253,-1.18433,1.03251,-1.18217,0,0,0,
118,0,1.03254,-1.18448,1.03251,-1.18251,0,0,0,
119,0,1.03264,-1.18452,1.03252,-1.18282,0,0,0,
120,0,1.03267,-1.1846,1.03254,-1.18308,0,0,0,
121,0,1.03285,-1.18464,1.03258,-1.18332,0,0,0,
122,0,1.03311,-1.18482,1.03264,-1.18353,0,0,0,
123,0,1.03322,-1.18484,1.03272,-1.18373,0,0,0,
124,0,1.03367,-1.18496,1.03283,-1.18391,0,0,0,
125,0,1.03368,-1.18501,1.03296,-1.18407,0,0,0,
126,0,1.03376,-1.18504,1.03308,-1.18422,0,0,0,
127,0,1.03377,-1.18505,1.03318,-1.18434,0,0,0,
128,0,1.03383,-1.18507,1.03328,-1.18445,0,0,0,
129,0,1.03385,-1.18513,1.03336,-1.18455,0,0,0,
130,0,1.03391,-1.18521,1.03344,-1.18465,0,0,0,
131,0,1.03391,-1.18521,1.03351,-1.18473,0,0,0,
132,0,1.034,-1.18533,1.03358,-1.18481,0,0,0,
133,0,1.03396,-1.18543,1.03364,-1.1849,0,0,0,
134,0,1.03402,-1.1855,1.03369,-1.18499,0,0,0,
135,0,1.03407,-1.18561,1.03375,-1.18507,0,0,0,
136,0,1.0341,-1.18564,1.0338,-1.18516,0,0,0,
137,0,1.03405,-1.18574,1.03384,-1.18524,0,0,0,
138,0,1.03406,-1.18583,1.03387,-1.18532,0,0,0,
139,0,1.03413,-1.18596,1.03391,-1.18541,0,0,0,
140,0,1.03415,-1.18602,1.03394,-1.1855,0,0,0,
141,0,1.03417,-1.18627,1.03398,-1.1856,0,0,0,
142,0,1.0342,-1.18638,1.03401,-1.18571,0,0,0,
143,0,1.03441,-1.18649,1.03405,-1.18582,0,0,0,
144,0,1.03445,-1.1866,1.03411,-1.18593,0,0,0,
145,0,1.03448,-1.18669,1.03416,-1.18604,0,0,0,
146,0,1.0346,-1.18676,1.03422,-1.18614,0,0,0,
147,0,1.03489,-1.18681,1.0343,-1.18624,0,0,0,
148,0,1.03491,-1.18683,1.03439,-1.18633,0,0,0,
149,0,1.03492,-1.1869,1.03447,-1.18641,0,0,0,
150,0,1.03493,-1.18699,1.03454,-1.18649,0,0,0,
151,0,1.03497,-1.18705,1.0346,-1.18657,0,0,0,
152,0,1.03515,-1.18709,1.03467,-1.18665,0,0,0,
153,0,1.03548,-1.18725,1.03477,-1.18673,0,0,0,
154,0,1.03549,-1.18728,1.03488,-1.18681,0,0,0,
155,0,1.03563,-1.18729,1.03499,-1.18688,0,0,0,
156,0,1.03568,-1.18733,1.03509,-1.18695,0,0,0,
157,0,1.03572,-1.18733,1.03518,-1.187,0,0,0,
158,0,1.03571,-1.18733,1.03526,-1.18705,0,0,0,
159,0,1.03581,-1.18732,1.03534,-1.1871,0,0,0,
160,0,1.03593,-1.18724,1.03542,-1.18712,0,0,0,
161,0,1.03654,-1.18699,1.03554,-1.18712,0,0,0,
162,0,1.03665,-1.18699,1.0357,-1.1871,0,0,0,
163,0,1.03689,-1.18694,1.03587,-1.18708,0,0,0,
164,0,1.03713,-1.18702,1.03604,-1.18706,0,0,0,
165,0,1.03731,-1.18699,1.03622,-1.18706,0,0,0,
166,0,1.03741,-1.18705,1.03639,-1.18705,0,0,0,
167,0,1.03746,-1.18714,1.03655,-1.18706,0,0,0,
168,0,1.0377,-1.18716,1.03671,-1.18707,0,0,0,
169,0,1.03794,-1.18724,1.03688,-1.18709,0,0,0,
170,0,1.03811,-1.18743,1.03705,-1.18713,0,0,0,
171,0,1.03843,-1.18767,1.03724,-1.18719,0,0,0,
172,0,1.03906,-1.18773,1.03747,-1.18727,0,0,0,
173,0,1.03911,-1.18803,1.03771,-1.18736,0,0,0,
174,0,1.03923,-1.18842,1.03794,-1.18749,0,0,0,
175,0,1.03923,-1.18842,1.03813,-1.18763,0,0,0,
176,0,1.04004,-1.18888,1.03836,-1.18779,0,0,0,
177,0,1.04083,-1.18964,1.03868,-1.18801,0,0,0,
178,0,1.04082,-1.19006,1.03901,-1.18829,0,0,0,
179,0,1.04082,-1.19006,1.03928,-1.18856,0,0,0,
180,0,1.04098,-1.19081,1.03953,-1.18885,0,0,0,
181,0,1.041,-1.19105,1.03975,-1.18917,0,0,0,
182,0,1.04114,-1.19149,1.03995,-1.18949,0,0,0,
183,0,1.04164,-1.19164,1.04017,-1.1898,0,0,0,
184,0,1.04187,-1.19199,1.04041,-1.19011,0,0,0,
185,0,1.04205,-1.19252,1.04065,-1.19044,0,0,0,
186,0,1.0429,-1.19255,1.04093,-1.19076,0,0,0,
187,0,1.04374,-1.19247,1.04129,-1.19102,0,0,0,
188,0,1.0437,-1.19285,1.04166,-1.19127,0,0,0,
189,0,1.04443,-1.19291,1.04203,-1.19152,0,0,0,
190,0,1.04472,-1.19279,1.04242,-1.19172,0,0,0,
191,0,1.04514,-1.19287,1.0428,-1.19189,0,0,0,
192,0,1.04554,-1.19282,1.04319,-1.19204,0,0,0,
193,0,1.04574,-1.19287,1.04356,-1.19216,0,0,0,
194,0,1.04613,-1.19296,1.04392,-1.19227,0,0,0,
195,0,1.0462,-1.19299,1.04427,-1.19238,0,0,0,
196,0,1.04636,-1.19303,1.04457,-1.19248,0,0,0,
197,0,1.0466,-1.19301,1.04486,-1.19256,0,0,0,
198,0,1.04677,-1.19296,1.04514,-1.19262,0,0,0,
199,0,1.04709,-1.19277,1.04541,-1.19266,0,0,0,
200,0,1.04699,-1.19273,1.04566,-1.19267,0,0,0,
201,0,1.04692,-1.19267,1.04586,-1.19268,0,0,0,
202,0,1.04691,-1.19263,1.04602,-1.19267,0,0,0,
203,0,1.04684,-1.1926,1.04615,-1.19267,0,0,0,
204,0,1.04682,-1.19248,1.04625,-1.19265,0,0,0,
205,0,1.04674,-1.19233,1.04633,-1.19261,0,0,0,
206,0,1.04699,-1.19196,1.04641,-1.19254,0,0,0,
207,0,1.04713,-1.19127,1.04651,-1.1924,0,0,0,
208,0,1.04715,-1.19083,1.04661,-1.19219,0,0,0,
209,0,1.04721,-1.19044,1.0467,-1.19195,0,0,0,
210,0,1.04704,-1.18963,1.04676,-1.19166,0,0,0,
211,0,1.04677,-1.18932,1.04678,-1.19133,0,0,0,
212,0,1.04693,-1.18836,1.04679,-1.19095,0,0,0,
213,0,1.04704,-1.18776,1.04682,-1.19051,0,0,0,
214,0,1.0469,-1.18723,1.04685,-1.19005,0,0,0,
215,0,1.04704,-1.18656,1.04686,-1.18957,0,0,0,
216,0,1.04668,-1.18617,1.04686,-1.18908,0,0,0,
217,0,1.04635,-1.18558,1.04681,-1.18859,0,0,0,
218,0,1.04615,-1.18497,1.04672,-1.18809,0,0,0,
219,0,1.04581,-1.18432,1.04661,-1.18756,0,0,0,
220,0,1.04537,-1.18359,1.04645,-1.18701,0,0,0,
221,0,1.04509,-1.18289,1.04627,-1.18644,0,0,0,
222,0,1.04468,-1.18225,1.04606,-1.18585,0,0,0,
223,0,1.0443,-1.18189,1.04582,-1.18527,0,0,0,
224,0,1.04376,-1.18128,1.04555,-1.18471,0,0,0,
225,0,1.04348,-1.1808,1.04525,-1.18415,0,0,0,
226,0,1.04306,-1.18039,1.04495,-1.18361,0,0,0,
227,0,1.04311,-1.17994,1.04467,-1.18308,0,0,0,
228,0,1.0428,-1.17934,1.04441,-1.18256,0,0,0,
229,0,1.04245,-1.17884,1.04413,-1.18203,0,0,0,
230,0,1.04118,-1.17788,1.04378,-1.18147,0,0,0,
231,0,1.04016,-1.1775,1.04331,-1.18089,0,0,0,
232,0,1.03954,-1.17705,1.04278,-1.18034,0,0,0,
233,0,1.0387,-1.1767,1.04222,-1.17981,0,0,0,
234,0,1.03862,-1.17624,1.04168,-1.1793,0,0,0,
235,0,1.03799,-1.17603,1.04116,-1.17882,0,0,0,
236,0,1.03731,-1.17566,1.04063,-1.17837,0,0,0,
237,0,1.03682,-1.17546,1.04009,-1.17794,0,0,0,
238,0,1.03623,-1.17523,1.03954,-1.17754,0,0,0,
239,0,1.03623,-1.17474,1.03904,-1.17715,0,0,0,
240,0,1.03572,-1.17448,1.03857,-1.17676,0,0,0,
241,0,1.03536,-1.17412,1.03811,-1.17639,0,0,0,
242,0,1.03492,-1.17386,1.03766,-1.17602,0,0,0,
243,0,1.03472,-1.17377,1.03723,-1.17569,0,0,0,
244,0,1.03471,-1.17348,1.03684,-1.17537,0,0,0,
245,0,1.03425,-1.17324,1.03648,-1.17507,0,0,0,
246,0,1.03403,-1.17301,1.03613,-1.17477,0,0,0,
247,0,1.03393,-1.17298,1.0358,-1.1745,0,0,0,
248,0,1.03385,-1.17291,1.03551,-1.17426,0,0,0,
249,0,1.03374,-1.17291,1.03525,-1.17406,0,0,0,
250,0,1.03371,-1.17287,1.03501,-1.17388,0,0,0,
251,0,1.03357,-1.17288,1.0348,-1.17373,0,0,0,
252,0,1.03373,-1.17278,1.03463,-1.17359,0,0,0,
253,0,1.03381,-1.17273,1.0345,-1.17346,0,0,0,
254,0,1.03382,-1.17283,1.03439,-1.17336,0,0,0,
255,0,1.03389,-1.17286,1.03431,-1.17328,0,0,0,
256,0,1.03451,-1.17288,1.03429,-1.17322,0,0,0,
257,0,1.03513,-1.17303,1.03438,-1.17318,0,0,0,
258,0,1.03638,-1.17306,1.03459,-1.17316,0,0,0,
259,0,1.03871,-1.17358,1.03504,-1.17318,0,0,0,
260,0,1.04079,-1.17487,1.03576,-1.17334,0,0,0,
261,0,1.04686,-1.17718,1.03699,-1.17375,0,0,0,
262,0,1.05277,-1.17896,1.03894,-1.17441,0,0,0,
263,0,1.05836,-1.17942,1.04147,-1.17514,0,0,0,
264,0,1.06233,-1.18196,1.04435,-1.17598,0,0,0,
265,0,1.07263,-1.16486,1.04788,-1.17559,0,0,0,
266,0,1.07263,-1.16486,1.05165,-1.17396,0,0,0,
267,0,1.07487,-1.16419,1.05502,-1.17252,0,0,0,
268,0,1.07652,-1.16451,1.05817,-1.17127,0,0,0,
269,0,1.08328,-1.15541,1.06148,-1.16955,0,0,0,
270,0,1.08623,-1.15235,1.06503,-1.16716,0,0,0,
271,0,1.08788,-1.15101,1.06839,-1.1648,0,0,0,
272,0,1.09096,-1.14825,1.07159,-1.16249,0,0,0,
273,0,1.09244,-1.14695,1.07466,-1.16022,0,0,0,
274,0,1.09443,-1.14578,1.07752,-1.15811,0,0,0,
275,0,1.09443,-1.14578,1.0801,-1.15623,0,0,0,
276,0,1.09653,-1.1446,1.08244,-1.15454,0,0,0,
277,0,1.09847,-1.14332,1.08474,-1.15293,0,0,0,
278,0,1.10009,-1.14199,1.08695,-1.15136,0,0,0,
279,0,1.10214,-1.14247,1.08911,-1.14997,0,0,0,
280,0,1.10407,-1.14267,1.09125,-1.14884,0,0,0,
281,0,1.10464,-1.14295,1.09324,-1.14792,0,0,0,
282,0,1.10528,-1.14314,1.09503,-1.14718,0,0,0,
283,0,1.10683,-1.14033,1.09671,-1.14635,0,0,0,
284,0,1.10702,-1.13631,1.09827,-1.14513,0,0,0,
285,0,1.10716,-1.13015,1.09961,-1.14331,0,0,0,
286,0,1.10638,-1.12835,1.1007,-1.14117,0,0,0,
287,0,1.10759,-1.12991,1.10166,-1.13933,0,0,0,
288,0,1.10777,-1.12993,1.10258,-1.1379,0,0,0,
289,0,1.10849,-1.12894,1.10342,-1.13661,0,0,0,
290,0,1.10867,-1.12964,1.10421,-1.13549,0,0,0,
291,0,1.11153,-1.14216,1.10511,-1.13556,0,0,0,
292,0,1.11219,-1.14631,1.10614,-1.13688,0,0,0,
293,0,1.11283,-1.15044,1.10711,-1.13863,0,0,0,
294,0,1.11332,-1.15154,1.10802,-1.14052,0,0,0,
295,0,1.11293,-1.15222,1.1088,-1.14225,0,0,0,
296,0,1.11317,-1.15209,1.10945,-1.14376,0,0,0,
297,0,1.11363,-1.15259,1.11005,-1.14507,0,0,0,
298,0,1.11401,-1.15364,1.11062,-1.14629,0,0,0,
299,0,1.11316,-1.15424,1.11108,-1.14746,0,0,0,
300,0,1.11247,-1.15359,1.11134,-1.14844,0,0,0,
301,0,1.11118,-1.15258,1.11141,-1.14915,0,0,0,
302,0,1.11072,-1.15195,1.11134,-1.14962,0,0,0,
303,0,1.11024,-1.15124,1.11121,-1.14993,0,0,0,
304,0,1.11018,-1.15153,1.11106,-1.15015,0,0,0,
305,0,1.10967,-1.15113,1.11089,-1.15033,0,0,0,
306,0,1.10866,-1.15057,1.11062,-1.15041,0,0,0,
307,0,1.10706,-1.15021,1.1102,-1.15041,0,0,0,
308,0,1.1058,-1.14997,1.10963,-1.15036,0,0,0,
309,0,1.10368,-1.15236,1.10888,-1.15048,0,0,0,
310,0,1.10201,-1.15365,1.10796,-1.15087,0,0,0,
311,0,1.1001,-1.15534,1.10691,-1.15142,0,0,0,
312,0,1.09682,-1.15736,1.10562,-1.15217,0,0,0,
313,0,1.09301,-1.15962,1.10399,-1.15313,0,0,0,
314,0,1.08913,-1.16201,1.10202,-1.1543,0,0,0,
315,0,1.08619,-1.16345,1.09983,-1.15559,0,0,0,
316,0,1.08286,-1.16554,1.0975,-1.15695,0,0,0,
317,0,1.08001,-1.16657,1.09505,-1.15833,0,0,0,
318,0,1.07653,-1.16731,1.09249,-1.15965,0,0,0,
319,0,1.07445,-1.16798,1.0899,-1.16086,0,0,0,
320,0,1.07195,-1.16903,1.08735,-1.16203,0,0,0,
321,0,1.07005,-1.17029,1.08486,-1.16319,0,0,0,
322,0,1.06869,-1.17081,1.0825,-1.16431,0,0,0,
323,0,1.06693,-1.17218,1.08026,-1.16541,0,0,0,
324,0,1.0647,-1.17358,1.07806,-1.16655,0,0,0,
325,0,1.06187,-1.17647,1.07581,-1.16784,0,0,0,
326,0,1.0577,-1.18015,1.07336,-1.16944,0,0,0,
327,0,1.05667,-1.18189,1.0709,-1.1712,0,0,0,
328,0,1.05563,-1.1828,1.06865,-1.1729,0,0,0,
329,0,1.0545,-1.18388,1.06658,-1.17449,0,0,0,
330,0,1.05354,-1.1847,1.06467,-1.17599,0,0,0,
331,0,1.05224,-1.18534,1.06287,-1.17736,0,0,0,
332,0,1.0508,-1.18597,1.06114,-1.17863,0,0,0,
333,0,1.05014,-1.18663,1.05951,-1.17979,0,0,0,
334,0,1.04913,-1.18727,1.05801,-1.18089,0,0,0,
335,0,1.0481,-1.18782,1.05658,-1.1819,0,0,0,
336,0,1.04686,-1.18832,1.05519,-1.18284,0,0,0,
337,0,1.04519,-1.18865,1.05379,-1.1837,0,0,0,
338,0,1.04416,-1.18864,1.0524,-1.18445,0,0,0,
339,0,1.04341,-1.18884,1.05109,-1.18511,0,0,0,
340,0,1.04318,-1.18879,1.0499,-1.18567,0,0,0,
341,0,1.04274,-1.18863,1.04884,-1.18614,0,0,0,
342,0,1.04215,-1.18834,1.04787,-1.18649,0,0,0,
343,0,1.04141,-1.18823,1.04694,-1.18677,0,0,0,
344,0,1.04083,-1.18804,1.04605,-1.18698,0,0,0,
345,0,1.04014,-1.18764,1.04521,-1.18711,0,0,0,
346,0,1.03888,-1.18723,1.04434,-1.18716,0,0,0,
347,0,1.03858,-1.18712,1.04348,-1.18716,0,0,0,
348,0,1.03832,-1.18694,1.04272,-1.18714,0,0,0,
349,0,1.03699,-1.18664,1.04195,-1.18709,0,0,0,
350,0,1.03622,-1.18673,1.04113,-1.18703,0,0,0,
351,0,1.03529,-1.1867,1.04031,-1.18698,0,0,0,
352,0,1.03431,-1.18647,1.03947,-1.18692,0,0,0,
353,0,1.03429,-1.18659,1.03868,-1.18686,0,0,0,
354,0,1.03259,-1.18631,1.03788,-1.1868,0,0,0,
355,0,1.03147,-1.18629,1.03699,-1.18672,0,0,0,
356,0,1.03069,-1.18621,1.03609,-1.18665,0,0,0,
357,0,1.03019,-1.18587,1.03523,-1.18656,0,0,0,
358,0,1.02941,-1.1859,1.0344,-1.18645,0,0,0,
359,0,1.02899,-1.18592,1.03361,-1.18637,0,0,0,
360,0,1.02877,-1.18586,1.03289,-1.1863,0,0,0,
361,0,1.02792,-1.18567,1.0322,-1.18622,0,0,0,
362,0,1.02755,-1.18557,1.03152,-1.18613,0,0,0,
363,0,1.02734,-1.18559,1.03089,-1.18604,0,0,0,
364,0,1.0269,-1.18558,1.03032,-1.18597,0,0,0,
365,0,1.02659,-1.18543,1.02978,-1.1859,0,0,0,
366,0,1.02631,-1.18537,1.02927,-1.18583,0,0,0,
367,0,1.0261,-1.1853,1.0288,-1.18575,0,0,0,
368,0,1.02599,-1.18534,1.02838,-1.18568,0,0,0,
369,0,1.02455,-1.18603,1.02791,-1.18568,0,0,0,
370,0,1.02428,-1.18584,1.02737,-1.18572,0,0,0,
371,0,1.02391,-1.1854,1.02687,-1.18571,0,0,0,
372,0,1.0238,-1.18516,1.02641,-1.18564,0,0,0,
373,0,1.0238,-1.18516,1.02602,-1.18557,0,0,0,
374,0,1.02388,-1.1853,1.02568,-1.18552,0,0,0,
375,0,1.02371,-1.18544,1.0254,-1.1855,0,0,0,
376,0,1.02353,-1.18584,1.02512,-1.18552,0,0,0,
377,0,1.02372,-1.18581,1.0249,-1.18557,0,0,0,
378,0,1.02389,-1.18573,1.02473,-1.1856,0,0,0,
379,0,1.02401,-1.18563,1.02461,-1.18561,0,0,0,
380,0,1.02395,-1.18544,1.02452,-1.1856,0,0,0,
381,0,1.02431,-1.18544,1.02446,-1.18557,0,0,0,
382,0,1.02466,-1.18514,1.02446,-1.18553,0,0,0,
383,0,1.02536,-1.18516,1.02455,-1.18547,0,0,0,
384,0,1.02576,-1.18528,1.0247,-1.18543,0,0,0,
385,0,1.02612,-1.1847,1.02489,-1.18537,0,0,0,
386,0,1.02644,-1.18444,1.0251,-1.18524,0,0,0,
387,0,1.02702,-1.18406,1.02535,-1.18509,0,0,0,
388,0,1.02778,-1.18358,1.02566,-1.1849,0,0,0,
389,0,1.02953,-1.18257,1.02612,-1.18462,0,0,0,
390,0,1.03035,-1.18235,1.0267,-1.18429,0,0,0,
391,0,1.03075,-1.18232,1.02729,-1.18399,0,0,0,
392,0,1.03103,-1.18225,1.02784,-1.18373,0,0,0,
393,0,1.03146,-1.18231,1.02836,-1.18351,0,0,0,
394,0,1.03169,-1.18226,1.02885,-1.18332,0,0,0,
395,0,1.03253,-1.18247,1.02934,-1.18318,0,0,0,
396,0,1.03332,-1.18262,1.02989,-1.18308,0,0,0,
397,0,1.03375,-1.18246,1.03045,-1.183,0,0,0,
398,0,1.03446,-1.18244,1.031,-1.18292,0,0,0,
399,0,1.03511,-1.1824,1.03158,-1.18284,0,0,0,
400,0,1.03573,-1.18256,1.03216,-1.18279,0,0,0,
401,0,1.03624,-1.18242,1.03275,-1.18274,0,0,0,
402,0,1.0372,-1.1826,1.03335,-1.18271,0,0,0,
403,0,1.03786,-1.18275,1.03399,-1.1827,0,0,0,
404,0,1.04286,-1.18344,1.03496,-1.18276,0,0,0,
405,0,1.04298,-1.18364,1.03617,-1.18288,0,0,0,
406,0,1.04286,-1.18378,1.0372,-1.18301,0,0,0,
407,0,1.04304,-1.18404,1.03808,-1.18315,0,0,0,
408,0,1.04318,-1.18419,1.03885,-1.18329,0,0,0,
409,0,1.04327,-1.18388,1.03951,-1.18341,0,0,0,
410,0,1.04335,-1.18394,1.04009,-1.18348,0,0,0,
411,0,1.04347,-1.18404,1.0406,-1.18356,0,0,0,
412,0,1.04121,-1.18545,1.04086,-1.18374,0,0,0,
413,0,1.04143,-1.18535,1.04093,-1.18399,0,0,0,
414,0,1.0419,-1.18528,1.04104,-1.1842,0,0,0,
415,0,1.04204,-1.18518,1.04118,-1.18435,0,0,0,
416,0,1.04211,-1.18517,1.04132,-1.18448,0,0,0,
417,0,1.04226,-1.18525,1.04145,-1.18459,0,0,0,
418,0,1.04489,-1.18428,1.04178,-1.18462,0,0,0,
419,0,1.04449,-1.18592,1.04222,-1.18469,0,0,0,
420,0,1.04461,-1.18678,1.04257,-1.18494,0,0,0,
421,0,1.04489,-1.18672,1.04291,-1.18522,0,0,0,
422,0,1.0451,-1.18684,1.04322,-1.18546,0,0,0,
423,0,1.04574,-1.18684,1.04356,-1.18567,0,0,0,
424,0,1.04581,-1.18675,1.0439,-1.18584,0,0,0,
425,0,1.04595,-1.18682,1.0442,-1.18598,0,0,0,
426,0,1.04616,-1.18667,1.04448,-1.1861,0,0,0,
427,0,1.04619,-1.18668,1.04474,-1.18619,0,0,0,
428,0,1.0463,-1.18694,1.04497,-1.18628,0,0,0,
429,0,1.04677,-1.18697,1.04521,-1.18638,0,0,0,
430,0,1.04701,-1.18681,1.04546,-1.18646,0,0,0,
431,0,1.04759,-1.18687,1.04574,-1.18652,0,0,0,
432,0,1.04796,-1.18655,1.04605,-1.18655,0,0,0,
433,0,1.04798,-1.18623,1.04635,-1.18652,0,0,0,
434,0,1.04856,-1.18607,1.04664,-1.18647,0,0,0,
435,0,1.04876,-1.18579,1.04695,-1.18639,0,0,0,
436,0,1.04909,-1.18547,1.04725,-1.18627,0,0,0,
437,0,1.04618,-1.18635,1.04731,-1.18622,0,0,0,
438,0,1.04544,-1.18774,1.04708,-1.18634,0,0,0,
439,0,1.04558,-1.18769,1.04684,-1.18655,0,0,0,
440,0,1.04571,-1.18754,1.04666,-1.18671,0,0,0,
441,0,1.0459,-1.18732,1.04653,-1.18682,0,0,0,
442,0,1.04603,-1.18724,1.04644,-1.18689,0,0,0,
443,0,1.04619,-1.18715,1.04639,-1.18694,0,0,0,
444,0,1.04633,-1.18713,1.04637,-1.18697,0,0,0,
445,0,1.04637,-1.18691,1.04637,-1.18698,0,0,0,
446,0,1.04643,-1.1869,1.04637,-1.18697,0,0,0,
447,0,1.04647,-1.18688,1.04638,-1.18695,0,0,0,
448,0,1.04659,-1.18683,1.04641,-1.18694,0,0,0,
449,0,1.04659,-1.18676,1.04643,-1.18692,0,0,0,
450,0,1.04651,-1.1869,1.04645,-1.1869,0,0,0,
451,0,1.04656,-1.1869,1.04646,-1.1869,0,0,0,
452,0,1.04666,-1.18684,1.04649,-1.1869,0,0,0,
453,0,1.04666,-1.18684,1.04651,-1.18689,0,0,0,
454,0,1.04658,-1.18679,1.04653,-1.18688,0,0,0,
455,0,1.04636,-1.18742,1.04652,-1.18691,0,0,0,
456,0,1.04637,-1.18726,1.0465,-1.18698,0,0,0,
457,0,1.04632,-1.18737,1.04647,-1.18703,0,0,0,
458,0,1.0462,-1.18752,1.04644,-1.18709,0,0,0,
459,0,1.04623,-1.18731,1.04641,-1.18714,0,0,0,
460,0,1.04624,-1.18715,1.04638,-1.18716,0,0,0,
461,0,1.04614,-1.18718,1.04635,-1.18716,0,0,0,
462,0,1.04617,-1.187,1.04632,-1.18715,0,0,0,
463,0,1.0461,-1.18684,1.04629,-1.18711,0,0,0,
464,0,1.04572,-1.18647,1.04623,-1.18704,0,0,0,
465,0,1.04614,-1.18284,1.04619,-1.18668,0,0,0,
466,0,1.04567,-1.18189,1.04614,-1.18602,0,0,0,
467,0,1.04497,-1.18059,1.04602,-1.18529,0,0,0,
468,0,1.04526,-1.17894,1.04588,-1.18445,0,0,0,
469,0,1.04562,-1.17787,1.04581,-1.18353,0,0,0,
470,0,1.04644,-1.17385,1.04585,-1.18236,0,0,0,
471,0,1.0465,-1.17387,1.04594,-1.18106,0,0,0,
472,0,1.04647,-1.17378,1.04602,-1.17996,0,0,0,
473,0,1.04665,-1.17407,1.04611,-1.17904,0,0,0,
474,0,1.04669,-1.17405,1.04619,-1.17828,0,0,0,
475,0,1.04705,-1.17406,1.0463,-1.17764,0,0,0,
476,0,1.0472,-1.1741,1.04642,-1.17709,0,0,0,
477,0,1.04725,-1.174,1.04654,-1.17663,0,0,0,
478,0,1.04845,-1.17164,1.04674,-1.17605,0,0,0,
479,0,1.04845,-1.17164,1.047,-1.17538,0,0,0,
480,0,1.04933,-1.17012,1.04729,-1.17469,0,0,0,
481,0,1.04969,-1.17077,1.04763,-1.17405,0,0,0,
482,0,1.04969,-1.17077,1.04794,-1.17355,0,0,0,
483,0,1.0503,-1.16914,1.04826,-1.173,0,0,0,
484,0,1.05102,-1.16701,1.04862,-1.17225,0,0,0,
485,0,1.05163,-1.16656,1.04903,-1.17142,0,0,0,
486,0,1.05192,-1.16623,1.04945,-1.17065,0,0,0,
487,0,1.05223,-1.16637,1.04985,-1.16999,0,0,0,
488,0,1.05237,-1.16607,1.05022,-1.16941,0,0,0,
489,0,1.05257,-1.16662,1.05057,-1.16895,0,0,0,
490,0,1.05251,-1.16678,1.05087,-1.1686,0,0,0,
491,0,1.05278,-1.16611,1.05114,-1.16827,0,0,0,
492,0,1.05274,-1.16679,1.05139,-1.168,0,0,0,
493,0,1.05279,-1.16568,1.0516,-1.16773,0,0,0,
494,0,1.05333,-1.16442,1.05182,-1.16732,0,0,0,
495,0,1.05351,-1.16443,1.05206,-1.16688,0,0,0,
496,0,1.05344,-1.16547,1.05228,-1.16658,0,0,0,
497,0,1.05343,-1.16547,1.05245,-1.16641,0,0,0,
498,0,1.05327,-1.16589,1.05259,-1.1663,0,0,0,
499,0,1.0532,-1.16591,1.05269,-1.16624,0,0,0,
500,0,1.05245,-1.16645,1.05271,-1.16623,0,0,0,
501,0,1.05241,-1.1664,1.05267,-1.16626,0,0,0,
502,0,1.05166,-1.16747,1.05257,-1.16636,0,0,0,
503,0,1.05149,-1.16735,1.05242,-1.16652,0,0,0,
504,0,1.05117,-1.16703,1.05225,-1.16662,0,0,0,
505,0,1.05127,-1.16569,1.0521,-1.16658,0,0,0,
506,0,1.05083,-1.16658,1.05194,-1.16652,0,0,0,
507,0,1.05065,-1.16575,1.05175,-1.16646,0,0,0,
508,0,1.05083,-1.1651,1.0516,-1.1663,0,0,0,
509,0,1.05066,-1.16397,1.05147,-1.16603,0,0,0,
510,0,1.04983,-1.16318,1.05128,-1.16566,0,0,0,
511,0,1.04982,-1.16339,1.05106,-1.1653,0,0,0,
512,0,1.04964,-1.16312,1.05086,-1.16499,0,0,0,
513,0,1.04935,-1.1641,1.05065,-1.16478,0,0,0,
514,0,1.04929,-1.16419,1.05045,-1.16468,0,0,0,
515,0,1.04948,-1.16425,1.05029,-1.16461,0,0,0,
516,0,1.0495,-1.16439,1.05016,-1.16457,0,0,0,
517,0,1.04924,-1.16488,1.05004,-1.16458,0,0,0,
518,0,1.04914,-1.1645,1.04991,-1.16459,0,0,0,
519,0,1.04949,-1.16312,1.04982,-1.16447,0,0,0,
520,0,1.04919,-1.16403,1.04975,-1.16434,0,0,0,
521,0,1.04901,-1.16419,1.04965,-1.1643,0,0,0,
522,0,1.04881,-1.1644,1.04954,-1.1643,0,0,0,
523,0,1.04885,-1.16386,1.04943,-1.16428,0,0,0,
524,0,1.04947,-1.16349,1.04939,-1.16418,0,0,0,
525,0,1.04959,-1.16342,1.04941,-1.16407,0,0,0,
526,0,1.04999,-1.16338,1.04947,-1.16397,0,0,0,
527,0,1.05007,-1.16354,1.04955,-1.16389,0,0,0,
528,0,1.05005,-1.16353,1.04963,-1.16384,0,0,0,
529,0,1.05072,-1.16344,1.04974,-1.16379,0,0,0,
530,0,1.05133,-1.16358,1.04994,-1.16374,0,0,0,
531,0,1.05193,-1.16401,1.0502,-1.16375,0,0,0,
532,0,1.05177,-1.16427,1.05045,-1.16381,0,0,0,
533,0,1.05148,-1.16445,1.05063,-1.16389,0,0,0,
534,0,1.05056,-1.1647,1.05069,-1.164,0,0,0,
535,0,1.04996,-1.16532,1.05062,-1.16415,0,0,0,
536,0,1.04922,-1.16697,1.05046,-1.16445,0,0,0,
537,0,1.04805,-1.16877,1.05019,-1.16497,0,0,0,
538,0,1.04784,-1.17104,1.04984,-1.16573,0,0,0,
539,0,1.04771,-1.1762,1.04953,-1.16693,0,0,0,
540,0,1.04787,-1.17962,1.04926,-1.1686,0,0,0,
541,0,1.04759,-1.2033,1.04903,-1.17209,0,0,0,
542,0,1.04759,-1.20342,1.04881,-1.17685,0,0,0,
543,0,1.04821,-1.20136,1.04867,-1.18075,0,0,0,
544,0,1.04913,-1.204,1.04867,-1.18409,0,0,0,
545,0,1.05153,-1.20988,1.04892,-1.18757,0,0,0,
546,0,1.06399,-1.1859,1.05027,-1.18914,0,0,0,
547,0,1.06636,-1.18717,1.05254,-1.18875,0,0,0,
548,0,1.07196,-1.17875,1.05507,-1.18786,0,0,0,
549,0,1.07408,-1.17655,1.05781,-1.18631,0,0,0,
550,0,1.07571,-1.17707,1.06041,-1.18486,0,0,0,
551,0,1.07903,-1.17323,1.063,-1.18338,0,0,0,
552,0,1.08529,-1.16842,1.06592,-1.18147,0,0,0,
553,0,1.09199,-1.16667,1.06938,-1.17935,0,0,0,
554,0,1.09818,-1.16263,1.0733,-1.1771,0,0,0,
555,0,1.10332,-1.16378,1.07748,-1.17499,0,0,0,
556,0,1.11194,-1.1656,1.08208,-1.17342,0,0,0,
557,0,1.11861,-1.15854,1.08714,-1.17169,0,0,0,
558,0,1.11977,-1.15907,1.09202,-1.16972,0,0,0,
559,0,1.12552,-1.15105,1.09669,-1.16749,0,0,0,
560,0,1.12989,-1.1475,1.10142,-1.16471,0,0,0,
561,0,1.13182,-1.14626,1.10591,-1.16199,0,0,0,
562,0,1.13349,-1.14562,1.10998,-1.15955,0,0,0,
563,0,1.13552,-1.14509,1.11372,-1.15738,0,0,0,
564,0,1.13784,-1.14831,1.11722,-1.15576,0,0,0,
565,0,1.14028,-1.14705,1.12055,-1.15452,0,0,0,
566,0,1.14589,-1.14647,1.12398,-1.15334,0,0,0,
567,0,1.14656,-1.14615,1.12737,-1.15227,0,0,0,
568,0,1.14711,-1.1461,1.13034,-1.15133,0,0,0,
569,0,1.14839,-1.14597,1.13299,-1.15053,0,0,0,
570,0,1.14911,-1.14585,1.1354,-1.14982,0,0,0,
571,0,1.14939,-1.14589,1.13751,-1.14922,0,0,0,
572,0,1.15092,-1.14555,1.13943,-1.14869,0,0,0,
573,0,1.15153,-1.14536,1.14123,-1.14819,0,0,0,
574,0,1.15381,-1.14542,1.14297,-1.14777,0,0,0,
575,0,1.15575,-1.15303,1.14477,-1.14799,0,0,0,
576,0,1.15738,-1.15186,1.14657,-1.14867,0,0,0,
577,0,1.15815,-1.15419,1.14828,-1.14933,0,0,0,
578,0,1.15965,-1.1521,1.1499,-1.14991,0,0,0,
579,0,1.16069,-1.16327,1.15146,-1.1511,0,0,0,
580,0,1.16057,-1.16336,1.15286,-1.15296,0,0,0,
581,0,1.16028,-1.16391,1.15401,-1.15459,0,0,0,
582,0,1.16071,-1.16283,1.155,-1.15593,0,0,0,
583,0,1.16071,-1.16283,1.15587,-1.15698,0,0,0,
584,0,1.16065,-1.16176,1.1566,-1.15779,0,0,0,
585,0,1.16083,-1.16159,1.15724,-1.15838,0,0,0,
586,0,1.16035,-1.1615,1.15775,-1.15886,0,0,0,
587,0,1.15819,-1.16389,1.15798,-1.15945,0,0,0,
588,0,1.15589,-1.16444,1.15783,-1.16016,0,0,0,
589,0,1.15507,-1.16613,1.15748,-1.16095,0,0,0,
590,0,1.15404,-1.16252,1.15703,-1.16146,0,0,0,
591,0,1.15256,-1.15904,1.15646,-1.16136,0,0,0,
592,0,1.15374,-1.161,1.15596,-1.16115,0,0,0,
593,0,1.15233,-1.16185,1.15551,-1.16119,0,0,0,
594,0,1.15153,-1.16241,1.15497,-1.16134,0,0,0,
595,0,1.15103,-1.1624,1.1544,-1.1615,0,0,0,
596,0,1.15134,-1.1617,1.15391,-1.16158,0,0,0,
597,0,1.15604,-1.14982,1.15388,-1.1607,0,0,0,
598,0,1.15895,-1.14958,1.15443,-1.15902,0,0,0,
599,0,1.17322,-1.15101,1.15621,-1.15769,0,0,0,
600,0,1.18887,-1.15959,1.15999,-1.15733,0,0,0,
601,0,1.19988,-1.1513,1.16523,-1.15704,0,0,0,
602,0,1.21003,-1.13575,1.17129,-1.15498,0,0,0,
603,0,1.21498,-1.13212,1.17757,-1.15177,0,0,0,
604,0,1.21995,-1.14438,1.18365,-1.14971,0,0,0,
605,0,1.22362,-1.14654,1.18947,-1.14906,0,0,0,
606,0,1.22802,-1.14499,1.19501,-1.14856,0,0,0,
607,0,1.23482,-1.14966,1.20056,-1.14837,0,0,0,
608,0,1.23678,-1.14833,1.20593,-1.14847,0,0,0,
609,0,1.24036,-1.14587,1.2109,-1.14826,0,0,0,
610,0,1.24395,-1.14486,1.21567,-1.14782,0,0,0,
611,0,1.24775,-1.14918,1.22027,-1.1477,0,0,0,
612,0,1.24917,-1.14849,1.22456,-1.14787,0,0,0,
613,0,1.2513,-1.14923,1.22848,-1.14802,0,0,0,
614,0,1.254,-1.1511,1.23216,-1.14835,0,0,0,
615,0,1.2557,-1.14965,1.23562,-1.14866,0,0,0,
616,0,1.25708,-1.15012,1.23879,-1.14884,0,0,0,
617,0,1.25852,-1.15696,1.24168,-1.14956,0,0,0,
618,0,1.25959,-1.16104,1.24433,-1.151,0,0,0,
619,0,1.2603,-1.16319,1.24671,-1.15269,0,0,0,
620,0,1.26102,-1.16389,1.24884,-1.15435,0,0,0,
621,0,1.26221,-1.16655,1.25078,-1.156,0,0,0,
622,0,1.26453,-1.17175,1.2527,-1.15801,0,0,0,
623,0,1.26616,-1.18073,1.25463,-1.16079,0,0,0,
624,0,1.26296,-1.18488,1.25614,-1.16414,0,0,0,
625,0,1.25897,-1.19015,1.25688,-1.16771,0,0,0,
626,0,1.25821,-1.19582,1.25714,-1.17156,0,0,0,
627,0,1.2575,-1.19586,1.25725,-1.17526,0,0,0,
628,0,1.25749,-1.19501,1.25729,-1.17833,0,0,0,
629,0,1.2553,-1.1968,1.25715,-1.18101,0,0,0,
630,0,1.25501,-1.19687,1.25685,-1.18342,0,0,0,
631,0,1.25374,-1.19849,1.25647,-1.1856,0,0,0,
632,0,1.25301,-1.19975,1.256,-1.18766,0,0,0,
633,0,1.25301,-1.19981,1.25554,-1.18951,0,0,0,
634,0,1.25179,-1.2012,1.25506,-1.19118,0,0,0,
635,0,1.25261,-1.20064,1.25463,-1.19267,0,0,0,
636,0,1.25365,-1.19977,1.2544,-1.19381,0,0,0,
637,0,1.25475,-1.19785,1.25437,-1.19458,0,0,0,
638,0,1.25707,-1.19866,1.2546,-1.19514,0,0,0,
639,0,1.2582,-1.19757,1.25506,-1.19559,0,0,0,
640,0,1.25979,-1.19585,1.25566,-1.19576,0,0,0,
641,0,1.2602,-1.19543,1.25632,-1.19574,0,0,0,
642,0,1.26072,-1.19455,1.25695,-1.19563,0,0,0,
643,0,1.26096,-1.1939,1.25755,-1.19541,0,0,0,
644,0,1.26102,-1.19343,1.25807,-1.19515,0,0,0,
645,0,1.26122,-1.1922,1.25854,-1.19479,0,0,0,
646,0,1.26206,-1.19097,1.25901,-1.1943,0,0,0,
647,0,1.26242,-1.19041,1.2595,-1.19375,0,0,0,
648,0,1.26272,-1.18982,1.25997,-1.1932,0,0,0,
649,0,1.26351,-1.19233,1.26045,-1.19287,0,0,0,
650,0,1.26315,-1.19231,1.26089,-1.19279,0,0,0,
651,0,1.26283,-1.19057,1.26121,-1.19258,0,0,0,
652,0,1.26593,-1.16832,1.26169,-1.19058,0,0,0,
653,0,1.26623,-1.16648,1.26236,-1.18705,0,0,0,
654,0,1.26635,-1.16558,1.26296,-1.18385,0,0,0,
655,0,1.26744,-1.16527,1.26356,-1.18104,0,0,0,
656,0,1.26876,-1.16427,1.26425,-1.17856,0,0,0,
657,0,1.27005,-1.16326,1.26504,-1.1763,0,0,0,
658,0,1.27246,-1.16096,1.26598,-1.17414,0,0,0,
659,0,1.2766,-1.16978,1.26729,-1.1728,0,0,0,
660,0,1.27847,-1.17693,1.26885,-1.17289,0,0,0,
661,0,1.27942,-1.17809,1.27039,-1.17359,0,0,0,
662,0,1.28037,-1.17771,1.27184,-1.17425,0,0,0,
663,0,1.28096,-1.1773,1.27318,-1.17475,0,0,0,
664,0,1.28104,-1.1773,1.27437,-1.17514,0,0,0,
665,0,1.28121,-1.17717,1.2754,-1.17546,0,0,0,
666,0,1.28156,-1.17751,1.27631,-1.17574,0,0,0,
667,0,1.28157,-1.17753,1.27711,-1.17601,0,0,0,
668,0,1.28102,-1.17785,1.27775,-1.17627,0,0,0,
669,0,1.28087,-1.17785,1.27824,-1.17651,0,0,0,
670,0,1.28158,-1.17751,1.27869,-1.17669,0,0,0,
671,0,1.28157,-1.1774,1.27913,-1.1768,0,0,0,
672,0,1.28155,-1.17738,1.2795,-1.17689,0,0,0,
673,0,1.27413,-1.18164,1.27925,-1.17729,0,0,0,
674,0,1.2719,-1.18295,1.2783,-1.17805,0,0,0,
675,0,1.27374,-1.18214,1.27746,-1.17874,0,0,0,
676,0,1.27622,-1.18052,1.27709,-1.17913,0,0,0,
677,0,1.27667,-1.18041,1.27699,-1.17934,0,0,0,
678,0,1.27262,-1.18318,1.27663,-1.17971,0,0,0,
679,0,1.2767,-1.18035,1.27633,-1.18002,0,0,0,
680,0,1.27873,-1.17854,1.27654,-1.17994,0,0,0,
681,0,1.2799,-1.1769,1.27696,-1.1796,0,0,0,
682,0,1.27973,-1.177,1.2774,-1.17919,0,0,0,
683,0,1.28035,-1.17518,1.2778,-1.17872,0,0,0,
684,0,1.27749,-1.17686,1.27797,-1.17831,0,0,0,
685,0,1.27637,-1.17646,1.27781,-1.17806,0,0,0,
686,0,1.27018,-1.18075,1.27712,-1.17814,0,0,0,
687,0,1.2706,-1.17981,1.27609,-1.17847,0,0,0,
688,0,1.27161,-1.17825,1.27533,-1.17855,0,0,0,
689,0,1.27184,-1.17779,1.27478,-1.17847,0,0,0,
690,0,1.27263,-1.17644,1.27439,-1.17827,0,0,0,
691,0,1.27453,-1.17379,1.27427,-1.17779,0,0,0,
692,0,1.27453,-1.17379,1.27431,-1.17718,0,0,0,
693,0,1.2752,-1.1726,1.27439,-1.17657,0,0,0,
694,0,1.27669,-1.17021,1.27463,-1.17578,0,0,0,
695,0,1.27669,-1.17021,1.27494,-1.17493,0,0,0,
696,0,1.27661,-1.16954,1.2752,-1.17416,0,0,0,
697,0,1.27665,-1.16914,1.27542,-1.17343,0,0,0,
698,0,1.27665,-1.16914,1.27561,-1.17277,0,0,0,
699,0,1.27621,-1.16873,1.27574,-1.17219,0,0,0,
700,0,1.2758,-1.16857,1.27578,-1.17165,0,0,0,
701,0,1.27575,-1.16766,1.27578,-1.17111,0,0,0,
702,0,1.27567,-1.16746,1.27577,-1.17057,0,0,0,
703,0,1.27568,-1.16741,1.27575,-1.17009,0,0,0,
704,0,1.27568,-1.16741,1.27574,-1.16968,0,0,0,
705,0,1.27569,-1.16728,1.27573,-1.16932,0,0,0,
706,0,1.27565,-1.16717,1.27572,-1.169,0,0,0,
707,0,1.27564,-1.16687,1.27571,-1.1687,0,0,0,
708,0,1.27508,-1.16731,1.27566,-1.16846,0,0,0,
709,0,1.27504,-1.16711,1.27557,-1.16827,0,0,0,
710,0,1.27506,-1.16708,1.27549,-1.16809,0,0,0,
711,0,1.27523,-1.1667,1.27544,-1.1679,0,0,0,
712,0,1.27514,-1.16612,1.2754,-1.16768,0,0,0,
713,0,1.27527,-1.16585,1.27537,-1.16742,0,0,0,
714,0,1.27537,-1.16556,1.27536,-1.16716,0,0,0,
715,0,1.27527,-1.16541,1.27536,-1.1669,0,0,0,
716,0,1.27506,-1.16552,1.27533,-1.16668,0,0,0,
717,0,1.275,-1.16533,1.27528,-1.16649,0,0,0,
718,0,1.27452,-1.16475,1.2752,-1.16627,0,0,0,
719,0,1.27445,-1.16462,1.27509,-1.16603,0,0,0,
720,0,1.27423,-1.16465,1.27498,-1.16582,0,0,0,
721,0,1.27423,-1.16447,1.27486,-1.16562,0,0,0,
722,0,1.2738,-1.16455,1.27474,-1.16545,0,0,0,
723,0,1.27358,-1.16381,1.27458,-1.16526,0,0,0,
724,0,1.27287,-1.16361,1.27437,-1.16502,0,0,0,
725,0,1.27245,-1.16348,1.27411,-1.1648,0,0,0,
726,0,1.27224,-1.16343,1.27384,-1.1646,0,0,0,
727,0,1.272,-1.16319,1.27358,-1.1644,0,0,0,
728,0,1.27185,-1.16312,1.27333,-1.16421,0,0,0,
729,0,1.27152,-1.16305,1.27308,-1.16404,0,0,0,
730,0,1.26991,-1.16344,1.27272,-1.16392,0,0,0,
731,0,1.2698,-1.16329,1.27228,-1.16383,0,0,0,
732,0,1.26966,-1.16293,1.27189,-1.16372,0,0,0,
733,0,1.26956,-1.16284,1.27155,-1.1636,0,0,0,
734,0,1.26931,-1.1623,1.27122,-1.16344,0,0,0,
735,0,1.26844,-1.16193,1.27087,-1.16324,0,0,0,
736,0,1.26842,-1.16189,1.27049,-1.16303,0,0,0,
737,0,1.26742,-1.162,1.2701,-1.16287,0,0,0,
738,0,1.26716,-1.16171,1.26967,-1.16271,0,0,0,
739,0,1.26717,-1.16171,1.26929,-1.16256,0,0,0,
740,0,1.26711,-1.1617,1.26896,-1.16243,0,0,0,
741,0,1.26722,-1.1616,1.26869,-1.16231,0,0,0,
742,0,1.2673,-1.16154,1.26847,-1.1622,0,0,0,
743,0,1.26735,-1.16148,1.2683,-1.16209,0,0,0,
744,0,1.26733,-1.16148,1.26815,-1.162,0,0,0,
745,0,1.26755,-1.16136,1.26804,-1.16191,0,0,0,
746,0,1.26763,-1.16129,1.26797,-1.16182,0,0,0,
747,0,1.26797,-1.16127,1.26795,-1.16174,0,0,0,
748,0,1.26813,-1.16119,1.26796,-1.16166,0,0,0,
749,0,1.26818,-1.16124,1.26799,-1.16159,0,0,0,
750,0,1.26832,-1.16108,1.26803,-1.16153,0,0,0,
751,0,1.26842,-1.16129,1.26808,-1.16148,0,0,0,
752,0,1.2688,-1.1611,1.26816,-1.16143,0,0,0,
753,0,1.26891,-1.16105,1.26827,-1.16138,0,0,0,
754,0,1.26919,-1.16098,1.26839,-1.16132,0,0,0,
755,0,1.26942,-1.16083,1.26853,-1.16126,0,0,0,
756,0,1.26969,-1.16085,1.26868,-1.1612,0,0,0,
757,0,1.26994,-1.16086,1.26886,-1.16114,0,0,0,
758,0,1.27015,-1.16101,1.26904,-1.16111,0,0,0,
759,0,1.27086,-1.16088,1.26926,-1.16109,0,0,0,
760,0,1.27103,-1.16091,1.26952,-1.16106,0,0,0,
761,0,1.27106,-1.16113,1.26975,-1.16105,0,0,0,
762,0,1.27086,-1.16163,1.26994,-1.1611,0,0,0,
763,0,1.27245,-1.16013,1.2702,-1.16107,0,0,0,
764,0,1.27203,-1.16074,1.27051,-1.16097,0,0,0,
765,0,1.27227,-1.16125,1.27076,-1.16097,0,0,0,
766,0,1.2725,-1.16162,1.27101,-1.16104,0,0,0,
767,0,1.27204,-1.16212,1.2712,-1.16117,0,0,0,
768,0,1.27207,-1.16228,1.27133,-1.16133,0,0,0,
769,0,1.27141,-1.16239,1.27139,-1.16148,0,0,0,
770,0,1.26964,-1.16187,1.27126,-1.16158,0,0,0,
771,0,1.26796,-1.1603,1.27088,-1.1615,0,0,0,
772,0,1.26402,-1.15554,1.27014,-1.16096,0,0,0,
773,0,1.2583,-1.14555,1.26877,-1.15937,0,0,0,
774,0,1.25849,-1.14847,1.26719,-1.15749,0,0,0,
775,0,1.25727,-1.14577,1.26577,-1.15591,0,0,0,
776,0,1.25679,-1.14544,1.26444,-1.15434,0,0,0,
777,0,1.25512,-1.14657,1.26314,-1.15307,0,0,0,
778,0,1.25538,-1.14678,1.26194,-1.15209,0,0,0,
779,0,1.25603,-1.14655,1.26099,-1.15127,0,0,0,
780,0,1.25672,-1.14654,1.26029,-1.15055,0,0,0,
781,0,1.25775,-1.14586,1.25982,-1.14988,0,0,0,
782,0,1.25843,-1.14547,1.25956,-1.14924,0,0,0,
783,0,1.25941,-1.14506,1.25946,-1.14863,0,0,0,
784,0,1.25983,-1.14486,1.25949,-1.14807,0,0,0,
785,0,1.26044,-1.14482,1.25959,-1.14758,0,0,0,
786,0,1.26154,-1.14406,1.2598,-1.1471,0,0,0,
787,0,1.26227,-1.14405,1.26012,-1.14664,0,0,0,
788,0,1.26284,-1.1432,1.26049,-1.14618,0,0,0,
789,0,1.26322,-1.14277,1.26088,-1.14569,0,0,0,
790,0,1.26344,-1.14265,1.26125,-1.14524,0,0,0,
791,0,1.26359,-1.14237,1.2616,-1.14482,0,0,0,
792,0,1.26347,-1.14215,1.26189,-1.14443,0,0,0,
793,0,1.2634,-1.14205,1.26213,-1.14408,0,0,0,
794,0,1.26329,-1.14196,1.26231,-1.14376,0,0,0,
795,0,1.26506,-1.14,1.2626,-1.14334,0,0,0,
796,0,1.26451,-1.13989,1.26293,-1.14282,0,0,0,
797,0,1.26437,-1.13977,1.26316,-1.14236,0,0,0,
798,0,1.26801,-1.13607,1.26362,-1.14169,0,0,0,
799,0,1.26793,-1.13585,1.26428,-1.14081,0,0,0,
800,0,1.26783,-1.13536,1.26483,-1.14002,0,0,0,
801,0,1.2678,-1.13533,1.26529,-1.13931,0,0,0,
802,0,1.26772,-1.13528,1.26566,-1.1387,0,0,0,
803,0,1.26772,-1.13528,1.26598,-1.13818,0,0,0,
804,0,1.26764,-1.13509,1.26624,-1.13772,0,0,0,
805,0,1.26768,-1.13507,1.26645,-1.13732,0,0,0,
806,0,1.26768,-1.13507,1.26664,-1.13697,0,0,0,
807,0,1.26744,-1.13513,1.26678,-1.13669,0,0,0,
808,0,1.2676,-1.13576,1.26689,-1.1365,0,0,0,
809,0,1.26756,-1.13582,1.267,-1.13639,0,0,0,
810,0,1.26516,-1.14034,1.2669,-1.13665,0,0,0,
811,0,1.26513,-1.14072,1.26663,-1.13724,0,0,0,
812,0,1.26472,-1.14146,1.26637,-1.13783,0,0,0,
813,0,1.26455,-1.14175,1.26611,-1.1384,0,0,0,
814,0,1.26438,-1.14175,1.26586,-1.13891,0,0,0,
815,0,1.26461,-1.14198,1.26565,-1.13936,0,0,0,
816,0,1.2682,-1.14378,1.26576,-1.1399,0,0,0,
817,0,1.27029,-1.1444,1.26629,-1.14054,0,0,0,
818,0,1.29304,-1.13251,1.26864,-1.14022,0,0,0,
819,0,1.29522,-1.13199,1.27252,-1.13901,0,0,0,
820,0,1.29534,-1.13261,1.27599,-1.13798,0,0,0,
821,0,1.29739,-1.13256,1.2791,-1.13716,0,0,0,
822,0,1.29764,-1.13328,1.2819,-1.13652,0,0,0,
823,0,1.29554,-1.13533,1.28414,-1.13618,0,0,0,
824,0,1.2952,-1.13528,1.28585,-1.13605,0,0,0,
825,0,1.29714,-1.13572,1.28743,-1.13596,0,0,0,
826,0,1.29913,-1.13592,1.28906,-1.13594,0,0,0,
827,0,1.3005,-1.13577,1.2907,-1.13593,0,0,0,
828,0,1.30117,-1.13624,1.29224,-1.13594,0,0,0,
829,0,1.30168,-1.1366,1.29364,-1.13601,0,0,0,
830,0,1.30228,-1.13716,1.29491,-1.13614,0,0,0,
831,0,1.30296,-1.13762,1.29609,-1.13633,0,0,0,
832,0,1.30345,-1.13772,1.29717,-1.13654,0,0,0,
833,0,1.30376,-1.13783,1.29815,-1.13673,0,0,0,
834,0,1.30417,-1.13798,1.29904,-1.13691,0,0,0,
835,0,1.30505,-1.13797,1.29989,-1.13707,0,0,0,
836,0,1.30637,-1.13763,1.30078,-1.13718,0,0,0,
837,0,1.30662,-1.1375,1.30165,-1.13724,0,0,0,
838,0,1.30691,-1.13751,1.30243,-1.13728,0,0,0,
839,0,1.30664,-1.13686,1.30309,-1.13726,0,0,0,
840,0,1.30216,-1.13566,1.30329,-1.13711,0,0,0,
841,0,1.30216,-1.13566,1.30312,-1.13689,0,0,0,
842,0,1.2693,-1.16284,1.30047,-1.13877,0,0,0,
843,0,1.26783,-1.16219,1.2956,-1.14239,0,0,0,
844,0,1.26379,-1.16351,1.29106,-1.14551,0,0,0,
845,0,1.26762,-1.14689,1.2872,-1.14699,0,0,0,
846,0,1.26835,-1.14473,1.28427,-1.14681,0,0,0,
847,0,1.25079,-1.17459,1.28051,-1.14877,0,0,0,
848,0,1.26526,-1.15373,1.27708,-1.15111,0,0,0,
849,0,1.26662,-1.15097,1.27538,-1.1513,0,0,0,
850,0,1.26963,-1.14925,1.27428,-1.15112,0,0,0,
851,0,1.28106,-1.14211,1.27444,-1.15029,0,0,0,
852,0,1.28163,-1.13389,1.27549,-1.14842,0,0,0,
853,0,1.27065,-1.13615,1.27559,-1.14638,0,0,0,
854,0,1.27549,-1.13031,1.27521,-1.14437,0,0,0,
855,0,1.27538,-1.13046,1.27524,-1.14224,0,0,0,
856,0,1.27057,-1.13335,1.2749,-1.14066,0,0,0,
857,0,1.23986,-1.15638,1.2719,-1.14131,0,0,0,
858,0,1.26957,-1.14216,1.26928,-1.14252,0,0,0,
859,0,1.26985,-1.14179,1.26934,-1.14244,0,0,0,
860,0,1.2685,-1.1414,1.26932,-1.14231,0,0,0,
861,0,1.2659,-1.14139,1.26899,-1.14217,0,0,0,
862,0,1.26665,-1.14158,1.26858,-1.14206,0,0,0,
863,0,1.26684,-1.14152,1.2683,-1.14199,0,0,0,
864,0,1.27434,-1.139,1.26865,-1.14172,0,0,0,
865,0,1.27445,-1.13902,1.26952,-1.14131,0,0,0,
866,0,1.26742,-1.14054,1.26974,-1.14108,0,0,0,
867,0,1.22962,-1.16778,1.26651,-1.14307,0,0,0,
868,0,1.25244,-1.15046,1.26262,-1.14552,0,0,0,
869,0,1.2535,-1.14973,1.26115,-1.14621,0,0,0,
870,0,1.25459,-1.14917,1.26007,-1.14671,0,0,0,
871,0,1.25517,-1.1491,1.25928,-1.14708,0,0,0,
872,0,1.25543,-1.14894,1.25867,-1.14737,0,0,0,
873,0,1.26874,-1.14577,1.25919,-1.14737,0,0,0,
874,0,1.26853,-1.14536,1.26063,-1.14709,0,0,0,
875,0,1.26928,-1.13176,1.26189,-1.14579,0,0,0,
876,0,1.2687,-1.13137,1.26297,-1.14362,0,0,0,
877,0,1.27509,-1.13087,1.26433,-1.14172,0,0,0,
878,0,1.27639,-1.13011,1.26607,-1.14001,0,0,0,
879,0,1.27807,-1.12916,1.26777,-1.13843,0,0,0,
880,0,1.27933,-1.12815,1.26944,-1.13694,0,0,0,
881,0,1.27852,-1.12706,1.27088,-1.13552,0,0,0,
882,0,1.27465,-1.12372,1.27175,-1.13397,0,0,0,
883,0,1.27382,-1.12299,1.27213,-1.13235,0,0,0,
884,0,1.27497,-1.12114,1.27248,-1.13079,0,0,0,
885,0,1.27545,-1.11975,1.27289,-1.12921,0,0,0,
886,0,1.29147,-1.10731,1.2745,-1.12682,0,0,0,
887,0,1.292,-1.10677,1.27713,-1.1238,0,0,0,
888,0,1.29624,-1.10122,1.27972,-1.12079,0,0,0,
889,0,1.30033,-1.09002,1.28255,-1.11695,0,0,0,
890,0,1.3075,-1.07322,1.28581,-1.11156,0,0,0,
891,0,1.31232,-1.06707,1.28948,-1.10525,0,0,0,
892,0,1.32895,-1.04404,1.29423,-1.09768,0,0,0,
893,0,1.33223,-1.04201,1.29977,-1.08935,0,0,0,
894,0,1.35193,-1.03336,1.30622,-1.08147,0,0,0,
895,0,1.36447,-1.02261,1.31414,-1.07332,0,0,0,
896,0,1.37971,-1.01305,1.32298,-1.06486,0,0,0,
897,0,1.40741,-0.990499,1.33374,-1.05525,0,0,0,
898,0,1.43622,-0.946483,1.34716,-1.04202,0,0,0,
899,0,1.45937,-0.893328,1.3625,-1.02341,0,0,0,
900,0,1.47404,-0.894471,1.37838,-1.00367,0,0,0,
901,0,1.51089,-0.871729,1.39577,-0.98529,0,0,0,
902,0,1.52006,-0.860049,1.41402,-0.967091,0,0,0,
903,0,1.55318,-0.844577,1.43271,-0.949596,0,0,0,
904,0,1.5584,-0.841771,1.45147,-0.933374,0,0,0,
905,0,1.57269,-0.830315,1.46885,-0.918539,0,0,0,
906,0,1.59345,-0.823239,1.48626,-0.904552,0,0,0,
907,0,1.59345,-0.823239,1.5026,-0.892158,0,0,0,
908,0,1.63713,-0.792515,1.51978,-0.879311,0,0,0,
909,0,1.6429,-0.787193,1.53811,-0.865676,0,0,0,
910,0,1.65242,-0.776012,1.5548,-0.852861,0,0,0,
911,0,1.65242,-0.776012,1.56968,-0.841147,0,0,0,
912,0,1.68107,-0.698983,1.58448,-0.825348,0,0,0,
913,0,1.68107,-0.698983,1.5992,-0.806087,0,0,0,
914,0,1.63081,-0.645763,1.60785,-0.785706,0,0,0,
915,0,1.60134,-0.62796,1.6091,-0.763018,0,0,0,
916,0,1.58955,-0.628632,1.60702,-0.742483,0,0,0,
917,0,1.58946,-0.628187,1.60435,-0.725095,0,0,0,
918,0,1.58804,-0.62632,1.60197,-0.710182,0,0,0,
919,0,1.58475,-0.619352,1.5996,-0.696868,0,0,0,
920,0,1.58351,-0.616982,1.59724,-0.684872,0,0,0,
921,0,1.54875,-0.562867,1.5925,-0.6704,0,0,0,
922,0,1.54813,-0.560783,1.58578,-0.65385,0,0,0,
923,0,1.5508,-0.558177,1.58025,-0.639466,0,0,0,
924,0,1.52427,-0.50657,1.57374,-0.623142,0,0,0,
925,0,1.52389,-0.507162,1.56617,-0.605419,0,0,0,
926,0,1.52292,-0.506394,1.55965,-0.590384,0,0,0,
927,0,1.52009,-0.502198,1.55384,-0.577262,0,0,0,
928,0,1.51767,-0.498613,1.54851,-0.565547,0,0,0,
929,0,1.51373,-0.487024,1.54351,-0.554461,0,0,0,
930,0,1.51221,-0.481202,1.53885,-0.543738,0,0,0,
931,0,1.50269,-0.462335,1.53407,-0.532768,0,0,0,
932,0,1.50202,-0.461568,1.52923,-0.521974,0,0,0,
933,0,1.49979,-0.45798,1.52492,-0.512493,0,0,0,
934,0,1.49882,-0.457233,1.52101,-0.504127,0,0,0,
935,0,1.49354,-0.45362,1.51723,-0.496704,0,0,0,
936,0,1.48002,-0.439231,1.51259,-0.48904,0,0,0,
937,0,1.46356,-0.426344,1.50637,-0.480466,0,0,0,
938,0,1.46237,-0.427184,1.49975,-0.47228,0,0,0,
939,0,1.46144,-0.424981,1.49398,-0.465239,0,0,0,
940,0,1.46261,-0.422787,1.48911,-0.458935,0,0,0,
941,0,1.46395,-0.422677,1.48517,-0.453417,0,0,0,
942,0,1.4627,-0.422889,1.48184,-0.448748,0,0,0,
943,0,1.45611,-0.414014,1.47842,-0.44413,0,0,0,
944,0,1.44971,-0.410099,1.47453,-0.439241,0,0,0,
945,0,1.44869,-0.405362,1.47067,-0.434438,0,0,0,
946,0,1.4451,-0.403,1.46705,-0.429826,0,0,0,
947,0,1.44458,-0.400777,1.46366,-0.425568,0,0,0,
948,0,1.44314,-0.398421,1.46064,-0.421609,0,0,0,
949,0,1.44234,-0.397334,1.45792,-0.417992,0,0,0,
950,0,1.43977,-0.396841,1.45535,-0.414806,0,0,0,
951,0,1.43861,-0.395535,1.45288,-0.411968,0,0,0,
952,0,1.4364,-0.393726,1.45054,-0.409325,0,0,0,
953,0,1.43563,-0.393182,1.44833,-0.406906,0,0,0,
954,0,1.43403,-0.391773,1.44627,-0.404707,0,0,0,
955,0,1.43281,-0.390428,1.44431,-0.402633,0,0,0,
956,0,1.43136,-0.389058,1.44245,-0.400668,0,0,0,
957,0,1.42975,-0.387626,1.44064,-0.398789,0,0,0,
958,0,1.42777,-0.386299,1.43882,-0.396987,0,0,0,
959,0,1.42694,-0.384454,1.43708,-0.395217,0,0,0,
960,0,1.4263,-0.38306,1.43548,-0.39347,0,0,0,
961,0,1.42567,-0.382263,1.43403,-0.391823,0,0,0,
962,0,1.42487,-0.381321,1.4327,-0.390294,0,0,0,
963,0,1.42378,-0.377063,1.43142,-0.388602,0,0,0,
964,0,1.42391,-0.375765,1.43027,-0.386744,0,0,0,
965,0,1.42135,-0.367031,1.4291,-0.384405,0,0,0,
966,0,1.40476,-0.324095,1.42666,-0.378484,0,0,0,
967,0,1.40468,-0.324059,1.42331,-0.370191,0,0,0,
968,0,1.40488,-0.324428,1.42049,-0.363188,0,0,0,
969,0,1.40506,-0.324532,1.41812,-0.357288,0,0,0,
970,0,1.44032,-0.361993,1.41882,-0.35515,0,0,0,
971,0,1.4401,-0.360916,1.42208,-0.356111,0,0,0,
972,0,1.44156,-0.359097,1.42494,-0.356705,0,0,0,
973,0,1.43992,-0.354894,1.42735,-0.356749,0,0,0,
974,0,1.43718,-0.338445,1.42905,-0.355213,0,0,0,
975,0,1.44499,-0.350015,1.43089,-0.353539,0,0,0,
976,0,1.43463,-0.337521,1.43225,-0.352049,0,0,0,
977,0,1.43208,-0.320693,1.43242,-0.348552,0,0,0,
978,0,1.43234,-0.306914,1.43238,-0.343256,0,0,0,
979,0,1.43692,-0.29028,1.43273,-0.336449,0,0,0,
980,0,1.44051,-0.280694,1.43364,-0.328681,0,0,0,
981,0,1.45117,-0.26006,1.4355,-0.319794,0,0,0,
982,0,1.44826,-0.228617,1.43767,-0.308292,0,0,0,
983,0,1.45265,-0.219651,1.43961,-0.295465,0,0,0,
984,0,1.4623,-0.198431,1.44234,-0.282291,0,0,0,
985,0,1.46967,-0.181896,1.44594,-0.268249,0,0,0,
986,0,1.47379,-0.152267,1.44987,-0.252828,0,0,0,
987,0,1.47495,-0.137983,1.45361,-0.236412,0,0,0,
988,0,1.47907,-0.12493,1.45717,-0.220414,0,0,0,
989,0,1.48022,-0.115674,1.4606,-0.205154,0,0,0,
990,0,1.48215,-0.103972,1.46374,-0.190623,0,0,0,
991,0,1.48287,-0.098264,1.4666,-0.176981,0,0,0,
992,0,1.4851,-0.0946635,1.46925,-0.164708,0,0,0,
993,0,1.48506,-0.088388,1.47166,-0.153553,0,0,0,
994,0,1.48168,-0.0761254,1.47345,-0.142686,0,0,0,
995,0,1.4803,-0.0701995,1.4746,-0.132089,0,0,0,
996,0,1.47909,-0.0642073,1.47537,-0.122199,0,0,0,
997,0,1.47939,-0.0602767,1.47596,-0.11306,0,0,0,
998,0,1.48029,-0.0574729,1.47655,-0.104801,0,0,0,
999,0,1.48061,-0.0533616,1.47715,-0.0972733,0,0,0,
1000,0,1.48045,-0.0504337,1.47766,-0.0903569,0,0,0,
1001,0,1.47995,-0.0485687,1.47805,-0.0841295,0,0,0,
1002,0,1.47933,-0.0463103,1.47829,-0.078537,0,0,0,
1003,0,1.48022,-0.0455741,1.47852,-0.0735687,0,0,0,
1004,0,1.48022,-0.0455741,1.47878,-0.0693016,0,0,0,
1005,0,1.48088,-0.0460814,1.47905,-0.0657236,0,0,0,
1006,0,1.48212,-0.0463479,1.47942,-0.06275,0,0,0,
1007,0,1.48326,-0.047314,1.47992,-0.0603235,0,0,0,
1008,0,1.48473,-0.0462601,1.48054,-0.0582602,0,0,0,
1009,0,1.48451,-0.0435983,1.48116,-0.0562282,0,0,0,
1010,0,1.48451,-0.0435983,1.48167,-0.0543031,0,0,0,
1011,0,1.50867,-0.0639403,1.48395,-0.0542218,0,0,0,
1012,0,1.556,-0.099236,1.49132,-0.0583931,0,0,0,
1013,0,1.55653,-0.0991922,1.50122,-0.0646152,0,0,0,
1014,0,1.53487,-0.106803,1.508,-0.0704656,0,0,0,
1015,0,1.52569,-0.109978,1.5114,-0.0762463,0,0,0,
1016,0,1.52746,-0.104507,1.51371,-0.0809709,0,0,0,
1017,0,1.52705,-0.0989428,1.51577,-0.0841343,0,0,0,
1018,0,1.52778,-0.0953481,1.51755,-0.0861175,0,0,0,
1019,0,1.52294,-0.0834887,1.51874,-0.0866206,0,0,0,
1020,0,1.52203,-0.0692514,1.51931,-0.0850582,0,0,0,
1021,0,1.52581,-0.065962,1.52001,-0.0823981,0,0,0,
1022,0,1.51945,-0.0613753,1.52041,-0.0795433,0,0,0,
1023,0,1.51522,-0.056412,1.51994,-0.0763958,0,0,0,
1024,0,1.5088,-0.0424834,1.51873,-0.0722882,0,0,0,
1025,0,1.50703,-0.0387608,1.51709,-0.0674615,0,0,0,
1026,0,1.50411,-0.0325639,1.51533,-0.0626145,0,0,0,
1027,0,1.50405,-0.0322514,1.51361,-0.0580103,0,0,0,
1028,0,1.50234,-0.027629,1.51203,-0.0537317,0,0,0,
1029,0,1.49744,-0.0247838,1.51018,-0.0495361,0,0,0,
1030,0,1.49519,-0.0217808,1.50806,-0.0455344,0,0,0,
1031,0,1.48349,-0.0109298,1.50521,-0.0410868,0,0,0,
1032,0,1.48575,-0.0113306,1.50207,-0.0365206,0,0,0,
1033,0,1.48386,-0.00946006,1.49944,-0.0325385,0,0,0,
1034,0,1.48251,-0.00840023,1.49696,-0.02894,0,0,0,
1035,0,1.47873,-0.00632706,1.49447,-0.0256512,0,0,0,
1036,0,1.47819,-0.00542768,1.49203,-0.0226372,0,0,0,
1037,0,1.47717,-0.00459101,1.48984,-0.0199503,0,0,0,
1038,0,1.47561,-0.00370213,1.48779,-0.0175414,0,0,0,
1039,0,1.47518,-0.00264033,1.4859,-0.015351,0,0,0,
1040,0,1.47892,-0.0017217,1.48455,-0.0133436,0,0,0,
1041,0,1.47873,-0.00127407,1.48368,-0.011538,0,0,0,
1042,0,1.47977,0.000310695,1.483,-0.00985274,0,0,0,
1043,0,1.47972,-0.000152552,1.48251,-0.00833889,0,0,0,
1044,0,1.4797,0.000392056,1.48208,-0.00704958,0,0,0,
1045,0,1.482,0.00663046,1.48189,-0.00543984,0,0,0,
1046,0,1.48126,0.00633291,1.48185,-0.00362271,0,0,0,
1047,0,1.49327,0.0290224,1.48268,-0.000376002,0,0,0,
1048,0,1.49347,0.0303907,1.48431,0.00420933,0,0,0,
1049,0,1.49378,0.0317086,1.48573,0.00830046,0,0,0,
1050,0,1.4701,-0.00210705,1.48515,0.00929127,0,0,0,
1051,0,1.49717,0.0422804,1.48492,0.0109368,0,0,0,
1052,0,1.4978,0.0418601,1.48683,0.0156823,0,0,0,
1053,0,1.46337,-0.00652012,1.48588,0.0159853,0,0,0,
1054,0,1.49013,0.0431275,1.48449,0.0163386,0,0,0,
1055,0,1.49083,0.0430326,1.4854,0.0204147,0,0,0,
1056,0,1.49109,0.0434425,1.48625,0.0238935,0,0,0,
1057,0,1.45316,-0.0105426,1.48409,0.0227589,0,0,0,
1058,0,1.45315,-0.0104394,1.47938,0.0176908,0,0,0,
1059,0,1.45393,-0.0118643,1.47544,0.0132944,0,0,0,
1060,0,1.45531,-0.0122344,1.47227,0.00943142,0,0,0,
1061,0,1.45689,-0.0116552,1.4698,0.00617315,0,0,0,
1062,0,1.45786,-0.0105474,1.46791,0.00354009,0,0,0,
1063,0,1.45893,-0.00707325,1.46646,0.00165758,0,0,0,
1064,0,1.45969,-0.00263878,1.46537,0.000664747,0,0,0,
1065,0,1.46126,0.00116405,1.46462,0.00045103,0,0,0,
1066,0,1.46494,0.0174096,1.46439,0.00179783,0,0,0,
1067,0,1.46502,0.0231385,1.46448,0.00461406,0,0,0,
1068,0,1.46554,0.0303571,1.4646,0.0079878,0,0,0,
1069,0,1.46164,0.052472,1.46445,0.0130829,0,0,0,
1070,0,1.46031,0.0575529,1.46392,0.019474,0,0,0,
1071,0,1.46095,0.0679964,1.46342,0.0260741,0,0,0,
1072,0,1.46426,0.0855725,1.46329,0.0338036,0,0,0,
1073,0,1.48371,0.221207,1.46492,0.0520315,0,0,0,
1074,0,1.48433,0.226484,1.46783,0.0782202,0,0,0,
1075,0,1.48661,0.241784,1.47052,0.101985,0,0,0,
1076,0,1.4891,0.254133,1.47316,0.124235,0,0,0,
1077,0,1.49253,0.268957,1.47585,0.145165,0,0,0,
1078,0,1.49415,0.279821,1.47852,0.164862,0,0,0,
1079,0,1.4928,0.28911,1.4808,0.183092,0,0,0,
1080,0,1.49124,0.298322,1.48251,0.199954,0,0,0,
1081,0,1.49109,0.301911,1.48383,0.215221,0,0,0,
1082,0,1.49179,0.306328,1.48499,0.228772,0,0,0,
1083,0,1.49367,0.316118,1.48617,0.241339,0,0,0,
1084,0,1.49598,0.322517,1.48749,0.253225,0,0,0,
1085,0,1.49639,0.322788,1.48881,0.263808,0,0,0,
1086,0,1.49848,0.328533,1.49013,0.273235,0,0,0,
1087,0,1.49861,0.329081,1.49141,0.281706,0,0,0,
1088,0,1.49911,0.331522,1.49255,0.289113,0,0,0,
1089,0,1.49966,0.331656,1.49359,0.295588,0,0,0,
1090,0,1.50554,0.34239,1.49496,0.301903,0,0,0,
1091,0,1.50538,0.341752,1.49656,0.308026,0,0,0,
1092,0,1.50807,0.346492,1.49811,0.313528,0,0,0,
1093,0,1.51233,0.350042,1.49995,0.318823,0,0,0,
1094,0,1.51364,0.351339,1.50194,0.32368,0,0,0,
1095,0,1.51499,0.3538,1.50383,0.328084,0,0,0,
1096,0,1.51512,0.360431,1.50554,0.332509,0,0,0,
1097,0,1.5138,0.369393,1.5069,0.337448,0,0,0,
1098,0,1.51602,0.38032,1.50812,0.34315,0,0,0,
1099,0,1.51383,0.39843,1.50916,0.350196,0,0,0,
1100,0,1.51338,0.403071,1.50983,0.357902,0,0,0,
1101,0,1.51281,0.408019,1.51033,0.365164,0,0,0,
1102,0,1.5096,0.410346,1.51046,0.371873,0,0,0,
1103,0,1.50493,0.410127,1.50998,0.377721,0,0,0,
1104,0,1.50223,0.412325,1.509,0.382828,0,0,0,
1105,0,1.49835,0.416179,1.50767,0.387618,0,0,0,
1106,0,1.49541,0.417636,1.50603,0.392082,0,0,0,
1107,0,1.49217,0.419016,1.50416,0.396082,0,0,0,
1108,0,1.49131,0.419703,1.50227,0.39963,0,0,0,
1109,0,1.48657,0.42112,1.50024,0.402798,0,0,0,
1110,0,1.48466,0.424352,1.49801,0.405837,0,0,0,
1111,0,1.48371,0.425143,1.4959,0.408719,0,0,0,
1112,0,1.48265,0.426241,1.49396,0.411306,0,0,0,
1113,0,1.4827,0.428408,1.49224,0.413748,0,0,0,
1114,0,1.48137,0.427571,1.49069,0.415919,0,0,0,
1115,0,1.48137,0.427571,1.48927,0.417695,0,0,0,
1116,0,1.48066,0.428915,1.48801,0.419303,0,0,0,
1117,0,1.48163,0.430139,1.48696,0.420861,0,0,0,
1118,0,1.48173,0.430136,1.48616,0.422275,0,0,0,
1119,0,1.48234,0.430159,1.48553,0.423475,0,0,0,
1120,0,1.48364,0.431836,1.48514,0.424622,0,0,0,
1121,0,1.48333,0.429706,1.48489,0.425559,0,0,0,
1122,0,1.48304,0.42663,1.48463,0.425957,0,0,0,
1123,0,1.48305,0.427012,1.48439,0.426088,0,0,0,
1124,0,1.48217,0.425377,1.48412,0.426105,0,0,0,
1125,0,1.4829,0.424641,1.48387,0.425938,0,0,0,
1126,0,1.48379,0.425229,1.48379,0.425785,0,0,0,
1127,0,1.48455,0.42566,1.48385,0.425733,0,0,0,
1128,0,1.47978,0.414632,1.48359,0.424881,0,0,0,
1129,0,1.48004,0.4164,1.48303,0.423454,0,0,0,
1130,0,1.47823,0.406353,1.48244,0.421613,0,0,0,
1131,0,1.47937,0.407002,1.48188,0.419336,0,0,0,
1132,0,1.47896,0.403526,1.48147,0.417191,0,0,0,
1133,0,1.48041,0.398706,1.4812,0.414741,0,0,0,
1134,0,1.48131,0.401697,1.48115,0.412525,0,0,0,
1135,0,1.48245,0.405862,1.48126,0.411192,0,0,0,
1136,0,1.48329,0.414756,1.4815,0.411057,0,0,0,
1137,0,1.48272,0.443402,1.48173,0.413804,0,0,0,
1138,0,1.48606,0.569171,1.48214,0.427901,0,0,0,
1139,0,1.48694,0.572315,1.4828,0.449674,0,0,0,
1140,0,1.48707,0.583032,1.48344,0.469184,0,0,0,
1141,0,1.48162,0.60164,1.48358,0.487955,0,0,0,
1142,0,1.48152,0.616537,1.48327,0.506419,0,0,0,
1143,0,1.4823,0.640095,1.48307,0.524999,0,0,0,
1144,0,1.48291,0.655659,1.483,0.543729,0,0,0,
1145,0,1.49719,0.699071,1.48407,0.564098,0,0,0,
1146,0,1.48249,0.714782,1.48495,0.585869,0,0,0,
1147,0,1.47413,0.731575,1.48394,0.606798,0,0,0,
1148,0,1.47556,0.740382,1.48255,0.626489,0,0,0,
1149,0,1.44319,0.779136,1.47902,0.646802,0,0,0,
1150,0,1.44145,0.780979,1.47342,0.667114,0,0,0,
1151,0,1.46854,0.775951,1.47062,0.684086,0,0,0,
1152,0,1.4534,0.79288,1.46915,0.699379,0,0,0,
1153,0,1.41437,0.810785,1.46377,0.714996,0,0,0,
1154,0,1.41321,0.81127,1.45615,0.729633,0,0,0,
1155,0,1.41166,0.812491,1.44949,0.74217,0,0,0,
1156,0,1.40367,0.820783,1.44311,0.75352,0,0,0,
1157,0,1.40285,0.821707,1.43704,0.763843,0,0,0,
1158,0,1.40055,0.820429,1.43165,0.772566,0,0,0,
1159,0,1.3949,0.822888,1.42648,0.780049,0,0,0,
1160,0,1.39399,0.821564,1.4216,0.786478,0,0,0,
1161,0,1.42053,0.800458,1.41941,0.790217,0,0,0,
1162,0,1.4706,0.765258,1.4234,0.789095,0,0,0,
1163,0,1.42758,0.778474,1.42732,0.786469,0,0,0,
1164,1,1.42727,0.779776,1.42733,0.78535,0,0,0,
1165,1,1.42841,0.778617,1.42741,0.784412,0,0,0,
1166,1,1.45243,0.755608,1.42939,0.781775,0,0,0,
1167,1,1.4411,0.76839,1.43204,0.778761,0,0,0,
1168,1,1.44626,0.754436,1.43382,0.776116,0,0,0,
1169,1,1.43456,0.771006,1.43482,0.774075,0,0,0,
1170,1,1.44197,0.755907,1.43535,0.772456,0,0,0,
1171,1,1.44269,0.755277,1.43641,0.769886,0,0,0,
1172,1,1.44311,0.754321,1.4374,0.767586,0,0,0,
1173,1,1.43977,0.751514,1.43802,0.76535,0,0,0,
1174,1,1.43764,0.751695,1.43812,0.763255,0,0,0,
1175,1,1.43618,0.751491,1.43794,0.761478,0,0,0,
1176,1,1.4362,0.751533,1.43767,0.759959,0,0,0,
1177,1,1.43571,0.751916,1.43741,0.758703,0,0,0,
1178,1,1.43505,0.750181,1.4371,0.757537,0,0,0,
1179,1,1.43256,0.748314,1.4366,0.756273,0,0,0,
1180,1,1.43209,0.754444,1.43595,0.755527,0,0,0,
1181,1,1.42903,0.756771,1.43513,0.755539,0,0,0,
1182,1,1.42666,0.758646,1.43402,0.75587,0,0,0,
1183,1,1.42573,0.758915,1.43282,0.756314,0,0,0,
1184,1,1.42445,0.755539,1.43165,0.756453,0,0,0,
1185,1,1.42612,0.777886,1.43068,0.758017,0,0,0,
1186,1,1.42345,0.766529,1.42978,0.76018,0,0,0,
1187,1,1.42245,0.763997,1.42874,0.760955,0,0,0,
1188,1,1.42473,0.778801,1.42795,0.762547,0,0,0,
1189,1,1.42446,0.782374,1.42744,0.765296,0,0,0,
1190,1,1.42362,0.783342,1.42692,0.767973,0,0,0,
1191,1,1.42292,0.78431,1.42637,0.77039,0,0,0,
1192,1,1.42475,0.790275,1.42598,0.772966,0,0,0,
1193,1,1.42147,0.754274,1.42554,0.772861,0,0,0,
1194,1,1.42201,0.793382,1.42496,0.773008,0,0,0,
1195,1,1.42168,0.794673,1.42449,0.776212,0,0,0,
1196,1,1.41943,0.801206,1.42389,0.779524,0,0,0,
1197,1,1.41786,0.809205,1.42309,0.783438,0,0,0,
1198,1,1.41653,0.810064,1.42219,0.787431,0,0,0,
1199,1,1.40928,0.829815,1.42077,0.792386,0,0,0,
1200,1,1.40632,0.830691,1.4188,0.798158,0,0,0,
1201,1,1.42051,0.8514,1.41798,0.804695,0,0,0,
1202,1,1.42091,0.857552,1.41839,0.812283,0,0,0,
1203,1,1.43488,0.9004,1.41984,0.822449,0,0,0,
1204,1,1.43492,0.905999,1.42214,0.834757,0,0,0,
1205,1,1.43462,0.907967,1.42406,0.845766,0,0,0,
1206,1,1.43426,0.910867,1.42564,0.855468,0,0,0,
1207,1,1.43175,0.911651,1.42677,0.863972,0,0,0,
1208,1,1.43048,0.915871,1.42743,0.871561,0,0,0,
1209,1,1.42742,0.917242,1.42766,0.87842,0,0,0,
1210,1,1.42612,0.918722,1.42753,0.88445,0,0,0,
1211,1,1.42785,0.922562,1.42744,0.889966,0,0,0,
1212,1,1.42785,0.922562,1.4275,0.894935,0,0,0,
1213,1,1.42801,0.928229,1.42757,0.899578,0,0,0,
1214,1,1.42801,0.928229,1.42764,0.903945,0,0,0,
1215,1,1.4272,0.929141,1.42763,0.907716,0,0,0,
1216,1,1.42655,0.930516,1.42752,0.911086,0,0,0,
1217,1,1.42664,0.931787,1.42738,0.914145,0,0,0,
1218,1,1.42926,0.932539,1.42746,0.916891,0,0,0,
1219,1,1.43021,0.93432,1.42781,0.919412,0,0,0,
1220,1,1.43039,0.93507,1.42819,0.921742,0,0,0,
1221,1,1.43086,0.93538,1.42856,0.923797,0,0,0,
1222,1,1.43063,0.935838,1.42889,0.925597,0,0,0,
1223,1,1.43071,0.936475,1.42916,0.927207,0,0,0,
1224,1,1.43061,0.936584,1.42939,0.928628,0,0,0,
1225,1,1.44698,0.842839,1.43083,0.922696,0,0,0,
1226,1,1.44781,0.842905,1.43335,0.910529,0,0,0,
1227,1,1.44684,0.844527,1.43548,0.900345,0,0,0,
1228,1,1.44678,0.844544,1.43721,0.891838,0,0,0,
1229,1,1.44644,0.844263,1.43864,0.884608,0,0,0,
1230,1,1.44594,0.844932,1.43979,0.878509,0,0,0,
1231,1,1.44381,0.846764,1.44057,0.873531,0,0,0,
1232,1,1.44207,0.847226,1.44093,0.869486,0,0,0,
1233,1,1.44043,0.847954,1.44098,0.866149,0,0,0,
1234,1,1.44026,0.847727,1.44088,0.863358,0,0,0,
1235,1,1.43815,0.84819,1.44062,0.861011,0,0,0,
1236,1,1.43826,0.848034,1.44026,0.859045,0,0,0,
1237,1,1.43759,0.848334,1.4399,0.857389,0,0,0,
1238,1,1.43749,0.848421,1.43954,0.856016,0,0,0,
1239,1,1.43786,0.847968,1.43926,0.854824,0,0,0,
1240,1,1.43691,0.848726,1.43897,0.853836,0,0,0,
1241,1,1.43691,0.84885,1.43866,0.853067,0,0,0,
1242,1,1.4368,0.84897,1.43838,0.852433,0,0,0,
1243,1,1.43668,0.849214,1.43813,0.851924,0,0,0,
1244,1,1.43673,0.849292,1.43791,0.851517,0,0,0,
1245,1,1.43684,0.849508,1.43774,0.851194,0,0,0,
1246,1,1.43659,0.849975,1.43759,0.850973,0,0,0,
1247,1,1.43527,0.852462,1.43733,0.85101,0,0,0,
1248,1,1.43402,0.853568,1.43692,0.851316,0,0,0,
1249,1,1.43341,0.853909,1.43643,0.851685,0,0,0,
1250,1,1.43311,0.85439,1.43595,0.852061,0,0,0,
1251,1,1.43278,0.854695,1.43549,0.852439,0,0,0,
1252,1,1.43188,0.855361,1.43501,0.852834,0,0,0,
1253,1,1.43116,0.855672,1.43448,0.853243,0,0,0,
1254,1,1.42926,0.857911,1.43383,0.853783,0,0,0,
1255,1,1.42838,0.859147,1.43306,0.854507,0,0,0,
1256,1,1.42668,0.860422,1.43222,0.855311,0,0,0,
1257,1,1.42578,0.861222,1.43131,0.856151,0,0,0,
1258,1,1.42388,0.863291,1.43032,0.857082,0,0,0,
1259,1,1.42262,0.865058,1.42924,0.858163,0,0,0,
1260,1,1.42172,0.866012,1.42816,0.859287,0,0,0,
1261,1,1.42158,0.865861,1.42717,0.8603,0,0,0,
1262,1,1.42099,0.86603,1.42627,0.861161,0,0,0,
1263,1,1.42021,0.866101,1.42541,0.861908,0,0,0,
1264,1,1.41981,0.866542,1.42459,0.862581,0,0,0,
1265,1,1.41892,0.866971,1.42379,0.863217,0,0,0,
1266,1,1.4181,0.867277,1.42299,0.863813,0,0,0,
1267,1,1.41789,0.86679,1.42223,0.864304,0,0,0,
1268,1,1.41675,0.867461,1.42148,0.864734,0,0,0,
1269,1,1.41663,0.86758,1.42075,0.865159,0,0,0,
1270,1,1.41527,0.86924,1.42002,0.865654,0,0,0,
1271,1,1.41509,0.869325,1.41928,0.866207,0,0,0,
1272,1,1.41497,0.869364,1.41863,0.866685,0,0,0,
1273,1,1.41491,0.868679,1.41807,0.867041,0,0,0,
1274,1,1.41486,0.868663,1.41758,0.86729,0,0,0,
1275,1,1.41477,0.86866,1.41716,0.867499,0,0,0,
1276,1,1.41455,0.868398,1.41678,0.867656,0,0,0,
1277,1,1.41446,0.868346,1.41643,0.867765,0,0,0,
1278,1,1.41435,0.868287,1.41612,0.867849,0,0,0,
1279,1,1.41428,0.868235,1.41585,0.867912,0,0,0,
1280,1,1.41351,0.867293,1.41555,0.867889,0,0,0,
1281,1,1.41312,0.867216,1.41521,0.867793,0,0,0,
1282,1,1.41295,0.866805,1.41488,0.867673,0,0,0,
1283,1,1.41256,0.86626,1.41456,0.867499,0,0,0,
1284,1,1.4125,0.865818,1.41425,0.867277,0,0,0,
1285,1,1.41221,0.865984,1.41396,0.867067,0,0,0,
1286,1,1.4115,0.86657,1.41364,0.866947,0,0,0,
1287,1,1.41093,0.867014,1.41327,0.866923,0,0,0,
1288,1,1.41077,0.867046,1.4129,0.866939,0,0,0,
1289,1,1.40968,0.868101,1.41249,0.867036,0,0,0,
1290,1,1.40923,0.868396,1.41203,0.867221,0,0,0,
1291,1,1.40901,0.867908,1.41159,0.867363,0,0,0,
1292,1,1.4089,0.867976,1.41119,0.867451,0,0,0,
1293,1,1.40841,0.867679,1.4108,0.867509,0,0,0,
1294,1,1.40831,0.867691,1.41043,0.867536,0,0,0,
1295,1,1.40825,0.867746,1.4101,0.867563,0,0,0,
1296,1,1.40819,0.867917,1.40981,0.867604,0,0,0,
1297,1,1.40766,0.868876,1.40953,0.867725,0,0,0,
1298,1,1.40723,0.867989,1.40921,0.867833,0,0,0,
1299,1,1.40709,0.867754,1.4089,0.867839,0,0,0,
1300,1,1.40664,0.867828,1.40859,0.867831,0,0,0,
1301,1,1.40662,0.867436,1.40829,0.867801,0,0,0,
1302,1,1.40627,0.866924,1.40801,0.867706,0,0,0,
1303,1,1.4055,0.867546,1.40768,0.867634,0,0,0,
1304,1,1.40549,0.867545,1.40735,0.867621,0,0,0,
1305,1,1.40517,0.867569,1.40704,0.867611,0,0,0,
1306,1,1.40481,0.867842,1.40673,0.867626,0,0,0,
1307,1,1.4045,0.86878,1.40641,0.86773,0,0,0,
1308,1,1.40449,0.868703,1.40612,0.867884,0,0,0,
1309,1,1.40439,0.868158,1.40586,0.867967,0,0,0,
1310,1,1.40459,0.867292,1.40565,0.86793,0,0,0,
1311,1,1.40443,0.866516,1.40548,0.867774,0,0,0,
1312,1,1.40357,0.867371,1.40526,0.867647,0,0,0,
1313,1,1.40357,0.867371,1.405,0.867605,0,0,0,
1314,1,1.40346,0.86698,1.40477,0.86754,0,0,0,
